Reported_Date,Region,Cumulative_Number_of_Tests_as_of_Reported_Date,Cumulative_Number_of_Positive_Tests_as_of_Reported_Date,Cumulative_Number_of_Negative_Tests_as_of_Reported_Date,Total_Number_of_Pending_Tests_on_Reported_Date,Total_Number_of_Unknown_Tests_on_Reported_Date,Total_Inmates_that_Refused_Swab_as_of_Reported_Date,Total_Inmates_on_Medical_Isolation_as_of_Reported_Date
2020-05-08,Central,330,153,140,30,7,,222
2020-05-08,Eastern,84,1,76,7,0,,63
2020-05-08,Northern,72,2,63,4,3,,9
2020-05-08,Toronto,109,7,90,10,2,,70
2020-05-08,Western,82,0,62,17,3,,64
2020-05-11,Central,483,154,205,116,8,,223
2020-05-11,Eastern,223,1,205,17,0,,40
2020-05-11,Northern,140,2,101,35,2,,11
2020-05-11,Toronto,121,7,101,11,2,,73
2020-05-11,Western,154,0,111,38,5,,52
2020-05-12,Central,525,161,264,92,8,,223
2020-05-12,Eastern,227,1,207,19,0,,38
2020-05-12,Northern,154,2,107,44,1,,22
2020-05-12,Toronto,121,7,101,11,2,,73
2020-05-12,Western,154,0,112,37,5,,36
2020-05-13,Central,527,161,264,94,8,,197
2020-05-13,Eastern,230,1,221,8,0,,10
2020-05-13,Northern,170,2,130,37,1,,25
2020-05-13,Toronto,165,8,124,17,16,,77
2020-05-13,Western,154,0,114,37,3,,23
2020-05-14,Central,549,162,289,90,8,,200
2020-05-14,Eastern,235,1,224,10,0,,9
2020-05-14,Northern,176,2,135,38,1,,31
2020-05-14,Toronto,170,8,126,19,17,,76
2020-05-14,Western,161,0,123,35,3,,23
2020-05-15,Central,550,163,300,79,8,,201
2020-05-15,Eastern,242,1,227,14,0,,14
2020-05-15,Northern,180,2,140,37,1,,40
2020-05-15,Toronto,182,8,149,9,16,,76
2020-05-15,Western,200,0,157,40,3,,22
2020-05-19,Central,625,165,373,81,6,,196
2020-05-19,Eastern,344,2,320,22,0,,17
2020-05-19,Northern,203,2,156,44,1,,17
2020-05-19,Toronto,193,8,154,15,16,,78
2020-05-19,Western,222,0,179,40,3,,24
2020-05-20,Central,642,167,394,73,8,,103
2020-05-20,Eastern,375,2,338,35,0,,26
2020-05-20,Northern,224,2,188,34,0,,17
2020-05-20,Toronto,193,8,158,11,16,,77
2020-05-20,Western,225,0,184,38,3,,24
2020-05-21,Central,663,169,370,115,9,,99
2020-05-21,Eastern,380,2,353,23,2,,25
2020-05-21,Northern,232,2,198,32,0,,9
2020-05-21,Toronto,237,9,186,19,23,,81
2020-05-21,Western,252,0,213,36,3,,27
2020-05-22,Central,702,169,467,57,9,,119
2020-05-22,Eastern,406,2,377,25,2,,14
2020-05-22,Northern,240,2,205,33,0,,12
2020-05-22,Toronto,266,10,202,24,30,,90
2020-05-22,Western,275,0,234,37,4,,33
2020-05-25,Central,744,169,502,63,4,6,118
2020-05-25,Eastern,554,2,457,81,0,168,30
2020-05-25,Northern,267,2,238,25,0,2,14
2020-05-25,Toronto,307,10,208,25,17,13,91
2020-05-25,Western,287,0,243,40,3,1,31
2020-05-26,Central,747,169,523,52,3,8,117
2020-05-26,Eastern,714,2,501,211,0,412,30
2020-05-26,Northern,272,2,238,32,0,10,10
2020-05-26,Toronto,395,10,275,107,3,655,94
2020-05-26,Western,288,0,259,25,4,29,28
2020-05-27,Central,802,169,528,102,3,77,118
2020-05-27,Eastern,752,2,629,121,0,416,13
2020-05-27,Northern,282,2,251,29,0,3,15
2020-05-27,Toronto,499,10,282,204,3,839,90
2020-05-27,Western,306,0,269,33,4,1,29
2020-05-28,Central,825,170,578,74,3,102,123
2020-05-28,Eastern,762,2,653,107,0,418,13
2020-05-28,Northern,285,2,256,27,0,3,12
2020-05-28,Toronto,510,10,314,182,4,843,91
2020-05-28,Western,325,0,290,29,6,1,29
2020-05-29,Central,855,170,637,75,3,103,104
2020-05-29,Eastern,796,2,682,112,0,420,25
2020-05-29,Northern,291,2,261,28,0,3,7
2020-05-29,Toronto,511,11,315,182,3,845,90
2020-05-29,Western,341,1,299,36,5,1,28
2020-06-01,Central,855,170,637,75,3,103,107
2020-06-01,Eastern,808,2,686,120,0,420,42
2020-06-01,Northern,311,2,279,29,1,6,11
2020-06-01,Toronto,499,11,415,70,3,864,90
2020-06-01,Western,364,1,318,41,4,1,36
2020-06-02,Central,913,170,687,53,3,105,88
2020-06-02,Eastern,869,2,788,78,1,423,14
2020-06-02,Northern,336,2,298,36,0,17,8
2020-06-02,Toronto,513,11,415,83,4,864,84
2020-06-02,Western,394,1,328,62,3,50,36
2020-06-03,Central,920,170,708,39,3,106,82
2020-06-03,Eastern,967,2,802,160,3,602,41
2020-06-03,Northern,348,2,300,46,0,92,11
2020-06-03,Toronto,518,11,417,86,4,867,100
2020-06-03,Western,549,1,330,215,3,399,31
2020-06-04,Central,932,171,712,43,6,108,80
2020-06-04,Eastern,976,2,815,155,4,605,46
2020-06-04,Northern,381,2,303,76,0,16,10
2020-06-04,Toronto,520,11,420,86,3,684,98
2020-06-04,Western,591,1,356,231,3,400,29
2020-06-07,Central,981,171,770,32,8,111,90
2020-06-07,Eastern,1008,2,928,71,7,598,11
2020-06-07,Northern,401,4,347,50,0,90,56
2020-06-07,Toronto,527,11,429,85,2,867,21
2020-06-07,Western,654,1,527,119,7,440,26
2020-06-08,Central,1051,171,779,89,12,217,72
2020-06-08,Eastern,1036,2,940,88,6,599,14
2020-06-08,Northern,466,4,370,92,0,183,58
2020-06-08,Toronto,606,12,448,144,2,933,33
2020-06-08,Western,658,1,528,122,7,442,27
2020-06-09,Central,1084,172,802,98,12,217,72
2020-06-09,Eastern,1091,2,966,117,6,703,15
2020-06-09,Northern,527,4,415,107,1,179,61
2020-06-09,Toronto,614,12,456,144,2,935,28
2020-06-09,Western,670,1,552,110,7,445,35
2020-06-10,Central,1179,172,875,119,13,221,76
2020-06-10,Eastern,1113,2,1026,79,6,702,11
2020-06-10,Northern,554,4,420,129,1,255,51
2020-06-10,Toronto,554,12,510,28,4,942,26
2020-06-10,Western,714,1,575,131,7,445,40
2020-06-11,Central,1206,172,874,149,11,219,80
2020-06-11,Eastern,1116,2,1043,66,5,704,8
2020-06-11,Northern,567,4,453,109,1,263,61
2020-06-11,Toronto,568,12,514,38,4,944,103
2020-06-11,Western,729,2,652,67,8,445,59
2020-06-12,Central,1240,172,912,144,12,221,54
2020-06-12,Eastern,1140,2,1060,72,6,704,9
2020-06-12,Northern,587,4,537,45,1,259,70
2020-06-12,Toronto,581,12,519,46,4,944,18
2020-06-12,Western,803,2,660,132,9,447,50
2020-06-15,Central,1281,172,1014,82,13,221,61
2020-06-15,Eastern,1177,2,1086,83,6,708,11
2020-06-15,Northern,610,4,558,47,1,259,72
2020-06-15,Toronto,595,13,523,55,4,950,21
2020-06-15,Western,822,2,723,89,8,448,51
2020-06-16,Central,1309,172,1058,65,14,298,74
2020-06-16,Eastern,1204,2,1094,102,6,709,8
2020-06-16,Northern,629,4,575,49,1,259,79
2020-06-16,Toronto,615,13,530,68,4,959,15
2020-06-16,Western,837,2,733,93,9,449,43
2020-06-17,Central,1324,172,1084,52,16,303,62
2020-06-17,Eastern,1212,2,1119,85,6,711,10
2020-06-17,Northern,673,4,584,84,1,322,79
2020-06-17,Toronto,624,13,541,66,4,959,19
2020-06-17,Western,860,2,763,87,8,466,41
2020-06-18,Central,1340,172,1093,58,17,305,40
2020-06-18,Eastern,1230,2,1140,82,6,711,9
2020-06-18,Northern,702,4,592,105,1,351,89
2020-06-18,Toronto,636,13,555,63,5,960,18
2020-06-18,Western,875,2,792,74,7,466,41
2020-06-21,Central,1352,172,1104,60,16,307,41
2020-06-21,Eastern,1249,2,1152,90,5,714,7
2020-06-21,Northern,708,4,600,103,1,353,85
2020-06-21,Toronto,642,14,557,66,5,960,36
2020-06-21,Western,895,2,800,86,7,487,48
2020-06-22,Central,1369,172,1126,54,17,308,31
2020-06-22,Eastern,1292,2,1193,92,5,719,14
2020-06-22,Northern,729,4,636,87,2,354,44
2020-06-22,Toronto,666,14,558,89,5,965,14
2020-06-22,Western,905,2,816,80,7,488,46
2020-06-23,Central,1396,172,1133,73,18,308,54
2020-06-23,Eastern,1324,2,1221,95,6,720,11
2020-06-23,Northern,743,6,644,91,2,353,43
2020-06-23,Toronto,683,14,566,98,5,968,2
2020-06-23,Western,920,2,836,75,7,489,46
2020-06-24,Central,1447,172,1209,50,16,314,54
2020-06-24,Eastern,1339,2,1239,92,6,720,15
2020-06-24,Northern,766,6,661,96,3,353,15
2020-06-24,Toronto,683,14,570,94,5,968,1
2020-06-24,Western,941,2,857,75,7,490,53
2020-06-25,Central,1455,172,1236,31,16,315,53
2020-06-25,Eastern,1354,2,1269,77,6,720,17
2020-06-25,Northern,783,6,670,104,3,353,14
2020-06-25,Toronto,684,14,578,87,5,970,2
2020-06-25,Western,945,2,863,73,7,491,43
2020-06-28,Central,1491,172,1244,59,16,320,16
2020-06-28,Eastern,1357,2,1275,74,6,720,9
2020-06-28,Northern,788,6,688,92,2,353,12
2020-06-28,Toronto,685,15,578,87,5,970,2
2020-06-28,Western,968,2,884,75,7,473,39
2020-06-29,Central,1527,172,1263,76,16,327,18
2020-06-29,Eastern,1446,2,1329,110,5,722,12
2020-06-29,Northern,794,6,705,80,3,355,22
2020-06-29,Toronto,733,15,587,126,5,976,33
2020-06-29,Western,971,2,897,65,7,474,12
2020-07-01,Central,1549,172,1305,56,16,330,15
2020-07-01,Eastern,1456,2,1345,104,5,721,7
2020-07-01,Northern,806,6,730,65,5,355,24
2020-07-01,Toronto,738,16,590,127,5,977,26
2020-07-01,Western,977,2,919,49,7,482,9
2020-07-02,Central,1563,172,1322,53,16,332,34
2020-07-02,Eastern,1488,2,1365,116,5,724,4
2020-07-02,Northern,820,6,742,67,5,355,24
2020-07-02,Toronto,747,16,657,69,5,993,29
2020-07-02,Western,990,2,920,61,7,482,10
2020-07-05,Central,1587,173,1347,49,18,336,36
2020-07-05,Eastern,1510,2,1372,130,6,725,35
2020-07-05,Northern,841,6,752,78,5,359,33
2020-07-05,Toronto,773,17,699,51,6,1002,70
2020-07-05,Western,1028,2,934,84,8,490,51
2020-07-06,Central,1611,173,1372,50,16,338,41
2020-07-06,Eastern,1517,2,1373,136,6,725,30
2020-07-06,Northern,854,6,766,77,5,359,25
2020-07-06,Toronto,776,17,700,53,6,1005,71
2020-07-06,Western,1044,2,952,82,8,490,53
2020-07-07,Central,1621,173,1385,47,16,339,35
2020-07-07,Eastern,1518,2,1387,123,6,725,17
2020-07-07,Northern,869,6,786,72,5,360,18
2020-07-07,Toronto,815,17,716,76,6,1017,42
2020-07-07,Western,1047,2,969,68,8,491,30
2020-07-08,Central,1637,173,1402,45,17,339,8
2020-07-08,Eastern,1525,2,1389,128,6,726,21
2020-07-08,Northern,884,6,841,32,5,360,8
2020-07-08,Toronto,817,17,717,77,6,1017,65
2020-07-08,Western,1134,2,1052,72,8,490,6
2020-07-09,Central,1647,173,1410,45,19,342,10
2020-07-09,Eastern,1583,2,1437,137,7,728,24
2020-07-09,Northern,893,6,846,36,5,360,5
2020-07-09,Toronto,838,18,727,87,6,1019,66
2020-07-09,Western,1137,2,1061,66,8,491,7
2020-07-12,Central,1661,173,1425,43,20,344,11
2020-07-12,Eastern,1640,2,1484,147,7,730,11
2020-07-12,Northern,914,6,862,41,5,358,22
2020-07-12,Toronto,847,18,729,96,5,1019,75
2020-07-12,Western,1155,2,1067,78,8,493,42
2020-07-13,Central,1727,173,1475,59,20,350,15
2020-07-13,Eastern,1667,2,1520,138,7,730,14
2020-07-13,Northern,949,6,891,47,5,363,25
2020-07-13,Toronto,804,18,753,88,5,1019,38
2020-07-13,Western,1162,2,1077,75,8,493,44
2020-07-14,Central,1737,173,1486,58,20,352,11
2020-07-14,Eastern,1680,2,1534,137,7,735,9
2020-07-14,Northern,955,6,891,54,4,363,26
2020-07-14,Toronto,864,18,753,88,5,1019,38
2020-07-14,Western,1175,3,1085,79,8,493,58
2020-07-15,Central,1743,173,1495,55,20,353,24
2020-07-15,Eastern,1698,2,1540,149,7,737,18
2020-07-15,Northern,964,6,903,51,4,366,25
2020-07-15,Toronto,864,18,754,87,5,1020,35
2020-07-15,Western,1204,3,1109,84,8,495,59
2020-07-16,Central,1773,173,1520,59,21,353,27
2020-07-16,Eastern,1710,2,1561,140,7,743,23
2020-07-16,Northern,975,6,918,46,5,366,25
2020-07-16,Toronto,872,18,754,94,6,1021,20
2020-07-16,Western,1217,3,1126,80,8,496,58
2020-07-19,Central,1789,173,1551,42,23,355,57
2020-07-19,Eastern,1740,2,1596,135,7,746,26
2020-07-19,Northern,990,6,930,49,5,367,28
2020-07-19,Toronto,876,18,758,94,6,1022,25
2020-07-19,Western,1234,3,1144,80,8,498,29
2020-07-20,Central,1805,173,1579,30,23,364,52
2020-07-20,Eastern,1763,2,1610,144,7,751,27
2020-07-20,Northern,1007,6,953,42,6,369,35
2020-07-20,Toronto,915,18,784,106,7,1038,5
2020-07-20,Western,1253,3,1150,92,8,499,10
2020-07-21,Central,1818,173,1600,22,23,367,8
2020-07-21,Eastern,1785,2,1626,150,7,753,25
2020-07-21,Northern,1017,6,958,47,6,372,9
2020-07-21,Toronto,916,18,786,105,7,1039,4
2020-07-21,Western,1284,3,1184,89,8,500,25
2020-07-22,Central,1824,173,1602,26,23,369,10
2020-07-22,Eastern,1799,2,1649,139,9,754,29
2020-07-22,Northern,1028,6,969,47,6,373,8
2020-07-22,Toronto,918,18,787,106,7,1039,4
2020-07-22,Western,1295,3,1198,86,8,503,9
2020-07-23,Central,1844,173,1619,29,23,371,8
2020-07-23,Eastern,1808,2,1659,138,9,755,9
2020-07-23,Northern,1038,6,982,44,6,375,9
2020-07-23,Toronto,921,18,789,107,7,1040,5
2020-07-23,Western,1330,3,1222,97,8,503,15
2020-07-26,Central,1888,173,1631,61,23,374,21
2020-07-26,Eastern,1863,2,1702,150,9,759,43
2020-07-26,Northern,1052,6,987,53,6,378,7
2020-07-26,Toronto,932,18,794,113,7,1042,3
2020-07-26,Western,1355,3,1226,104,22,506,26
2020-07-27,Central,1937,173,1661,80,23,375,7
2020-07-27,Eastern,1876,2,1717,148,9,761,11
2020-07-27,Northern,1068,6,1020,36,6,378,6
2020-07-27,Toronto,949,18,795,129,7,1056,10
2020-07-27,Western,1359,3,1231,103,22,506,25
2020-07-28,Central,1950,173,1695,59,23,378,9
2020-07-28,Eastern,1880,2,1728,141,9,761,10
2020-07-28,Northern,1073,6,1025,36,6,382,4
2020-07-28,Toronto,951,18,798,128,7,1059,6
2020-07-28,Western,1372,3,1258,91,20,506,25
2020-07-29,Central,1966,173,1725,45,23,361,10
2020-07-29,Eastern,1901,2,1768,122,9,761,10
2020-07-29,Northern,1080,6,1027,41,6,382,3
2020-07-29,Toronto,984,18,801,157,8,1060,3
2020-07-29,Western,1387,3,1273,91,20,506,23
2020-07-30,Central,1978,173,1740,42,23,386,10
2020-07-30,Eastern,1921,2,1806,104,9,759,7
2020-07-30,Northern,1089,6,1040,38,5,385,5
2020-07-30,Toronto,987,18,801,160,8,1060,19
2020-07-30,Western,1397,3,1281,93,20,512,27
2020-08-03,Central,2029,173,1751,82,23,400,12
2020-08-03,Eastern,1942,2,1834,98,7,763,8
2020-08-03,Northern,1126,6,1075,39,6,384,4
2020-08-03,Toronto,1066,18,861,179,8,1111,19
2020-08-03,Western,1422,3,1311,88,20,519,21
2020-08-04,Central,2070,173,1772,102,23,402,13
2020-08-04,Eastern,1953,2,1853,90,7,763,39
2020-08-04,Northern,1136,6,1079,45,6,384,4
2020-08-04,Toronto,1089,18,867,196,8,1118,33
2020-08-04,Western,1464,3,1348,91,22,526,3
2020-08-05,Central,2084,174,1823,64,23,410,11
2020-08-05,Eastern,2006,2,1915,81,7,767,62
2020-08-05,Northern,1138,6,1085,41,6,384,4
2020-08-05,Toronto,1092,18,868,198,8,1119,53
2020-08-05,Western,1467,3,1350,92,22,527,3
2020-08-06,Central,2089,174,1835,57,23,410,28
2020-08-06,Eastern,2039,2,1932,97,8,769,62
2020-08-06,Northern,1156,6,1101,43,6,389,8
2020-08-06,Toronto,1094,18,871,197,8,1120,61
2020-08-06,Western,1476,3,1350,100,23,530,3
2020-08-09,Central,2136,174,1867,72,23,418,63
2020-08-09,Eastern,2059,3,1938,109,9,771,32
2020-08-09,Northern,1164,6,1117,35,6,389,8
2020-08-09,Toronto,1094,18,874,194,8,1123,34
2020-08-09,Western,1517,3,1363,127,24,536,2
2020-08-10,Central,2189,174,1920,72,23,423,131
2020-08-10,Eastern,2112,3,1981,119,9,770,32
2020-08-10,Northern,1170,6,1120,38,6,389,7
2020-08-10,Toronto,1098,18,877,195,8,1125,2
2020-08-10,Western,1543,3,1399,117,24,541,32
2020-08-11,Central,2202,174,1934,70,24,423,184
2020-08-11,Eastern,2126,3,2006,108,9,770,35
2020-08-11,Northern,1198,6,1150,34,8,393,19
2020-08-11,Toronto,1098,18,878,194,8,1067,3
2020-08-11,Western,1552,3,1419,106,24,539,33
2020-08-12,Central,2216,174,1951,67,24,422,105
2020-08-12,Eastern,2140,3,2045,83,9,770,34
2020-08-12,Northern,1217,6,1158,45,8,394,19
2020-08-12,Toronto,1108,18,879,203,8,1066,3
2020-08-12,Western,1563,3,1424,113,23,541,38
2020-08-13,Central,2240,174,1965,78,23,425,106
2020-08-13,Eastern,2147,3,2050,84,10,769,37
2020-08-13,Northern,1225,6,1164,48,7,394,4
2020-08-13,Toronto,1126,18,879,221,8,1067,4
2020-08-13,Western,1574,3,1441,106,24,543,40
2020-08-16,Central,2255,174,1971,86,24,427,118
2020-08-16,Eastern,2181,3,2061,107,10,771,8
2020-08-16,Northern,1270,6,1213,43,8,397,3
2020-08-16,Toronto,1189,18,941,221,9,1169,5
2020-08-16,Western,1577,3,1446,104,24,544,10
2020-08-17,Central,2309,174,2019,92,24,430,51
2020-08-17,Eastern,2207,4,2092,101,10,772,7
2020-08-17,Northern,1284,6,1226,44,8,397,12
2020-08-17,Toronto,1221,18,958,237,8,1177,9
2020-08-17,Western,1603,3,1460,117,23,544,9
2020-08-18,Central,2310,174,2028,84,24,430,14
2020-08-18,Eastern,2222,4,2092,116,10,772,6
2020-08-18,Northern,1289,6,1232,42,9,397,12
2020-08-18,Toronto,1223,18,963,234,8,1189,10
2020-08-18,Western,1619,3,1478,115,23,548,12
2020-08-19,Central,2322,174,2054,70,24,433,13
2020-08-19,Eastern,2226,4,2115,97,10,772,9
2020-08-19,Northern,1300,6,1244,41,9,399,4
2020-08-19,Toronto,1161,18,1102,32,9,1195,8
2020-08-19,Western,1632,3,1492,114,23,549,25
2020-08-20,Central,2337,174,2058,81,24,439,17
2020-08-20,Eastern,2232,4,2124,94,10,774,9
2020-08-20,Northern,1309,6,1255,39,9,399,4
2020-08-20,Toronto,1166,18,1115,24,9,1196,6
2020-08-20,Western,1635,3,1493,115,24,551,24
2020-08-23,Central,2362,174,2079,85,24,439,45
2020-08-23,Eastern,2284,4,2164,106,10,774,24
2020-08-23,Northern,1323,6,1270,38,9,401,7
2020-08-23,Toronto,1165,19,1133,4,9,1208,6
2020-08-23,Western,1658,3,1499,132,24,561,26
2020-08-24,Central,2401,174,2103,100,24,443,98
2020-08-24,Eastern,2313,5,2177,121,10,777,23
2020-08-24,Northern,1329,6,1279,35,9,401,7
2020-08-24,Toronto,1166,19,1133,5,9,1209,27
2020-08-24,Western,1657,3,1501,129,24,559,16
2020-08-25,Central,2430,174,2110,122,24,446,75
2020-08-25,Eastern,2344,5,2230,97,12,777,24
2020-08-25,Northern,1342,6,1286,41,9,400,7
2020-08-25,Toronto,1170,19,1135,7,9,1209,27
2020-08-25,Western,1689,3,1539,123,24,563,15
2020-08-26,Central,2436,174,2133,105,24,447,76
2020-08-26,Eastern,2349,5,2238,93,13,777,13
2020-08-26,Northern,1345,6,1294,36,9,400,7
2020-08-26,Toronto,1171,19,1135,8,9,1211,42
2020-08-26,Western,1700,3,1547,126,24,566,29
2020-08-27,Central,2451,174,2151,101,25,450,72
2020-08-27,Eastern,2364,5,2252,94,13,777,29
2020-08-27,Northern,1354,6,1295,44,9,400,5
2020-08-27,Toronto,1241,19,1155,58,9,1242,59
2020-08-27,Western,1710,3,1552,131,24,565,30
2020-08-30,Central,2491,174,2159,133,25,459,75
2020-08-30,Eastern,2351,5,2240,94,12,772,25
2020-08-30,Northern,1369,6,1317,37,9,405,4
2020-08-30,Toronto,1267,19,1155,82,11,1246,59
2020-08-30,Western,1746,3,1578,141,24,571,33
2020-08-31,Central,2525,174,2191,131,29,462,76
2020-08-31,Eastern,2372,5,2250,104,13,774,9
2020-08-31,Northern,1390,6,1334,41,9,403,4
2020-08-31,Toronto,1275,20,1164,80,11,1250,59
2020-08-31,Western,1762,4,1607,127,24,572,14
2020-09-01,Central,2548,174,2220,126,28,464,45
2020-09-01,Eastern,2416,5,2299,99,13,774,8
2020-09-01,Northern,1398,6,1344,39,9,404,5
2020-09-01,Toronto,1350,20,1182,137,11,1277,81
2020-09-01,Western,1765,4,1608,129,24,576,15
2020-09-02,Central,2576,174,2251,119,32,465,14
2020-09-02,Eastern,2416,5,2299,99,13,774,7
2020-09-02,Northern,1405,6,1350,40,9,405,4
2020-09-02,Toronto,1373,20,1241,101,11,1284,38
2020-09-02,Western,1773,4,1614,127,28,575,28
2020-09-03,Central,2588,174,2290,92,32,463,11
2020-09-03,Eastern,2437,5,2309,110,13,774,5
2020-09-03,Northern,1404,6,1356,33,9,407,5
2020-09-03,Toronto,1373,20,1241,101,11,1284,38
2020-09-03,Western,1775,4,1615,130,26,578,31
2020-09-07,Central,2616,174,2314,96,32,467,9
2020-09-07,Eastern,2467,5,2320,129,13,775,9
2020-09-07,Northern,1416,6,1373,27,10,409,7
2020-09-07,Toronto,1415,20,1250,134,11,1304,18
2020-09-07,Western,1813,4,1629,154,26,594,14
2020-09-08,Central,2640,174,2327,106,33,471,9
2020-09-08,Eastern,2505,5,2378,109,13,775,22
2020-09-08,Northern,1448,6,1389,43,10,413,8
2020-09-08,Toronto,1415,20,1250,134,11,1304,18
2020-09-08,Western,1824,4,1640,154,26,595,11
2020-09-09,Central,2643,174,2330,106,33,471,55
2020-09-09,Eastern,2512,5,2387,107,13,774,22
2020-09-09,Northern,1453,6,1396,41,10,413,2
2020-09-09,Toronto,1416,20,1255,130,11,1304,42
2020-09-09,Western,1830,4,1666,134,26,597,9
2020-09-10,Central,2689,174,2385,97,33,473,10
2020-09-10,Eastern,2517,5,2395,104,13,775,19
2020-09-10,Northern,1458,6,1399,43,10,415,5
2020-09-10,Toronto,1402,20,1340,30,12,1338,52
2020-09-10,Western,1837,4,1669,138,26,598,32
2020-09-13,Central,2725,174,2403,115,33,480,13
2020-09-13,Eastern,2534,5,2397,119,13,778,40
2020-09-13,Northern,1478,6,1422,40,10,418,6
2020-09-13,Toronto,1409,21,1362,14,12,1333,3
2020-09-13,Western,1870,4,1680,160,26,606,51
2020-09-14,Central,2750,174,2418,124,34,481,41
2020-09-14,Eastern,2568,5,2417,131,15,781,26
2020-09-14,Northern,1501,6,1431,54,10,425,22
2020-09-14,Toronto,1416,21,1369,14,12,1336,6
2020-09-14,Western,1888,4,1693,165,26,606,56
2020-09-15,Central,2768,174,2459,101,34,480,41
2020-09-15,Eastern,2580,5,2438,122,15,783,26
2020-09-15,Northern,1503,6,1437,50,10,426,22
2020-09-15,Toronto,1465,21,1399,34,11,1373,35
2020-09-15,Western,1918,5,1726,161,26,608,41
2020-09-16,Central,2773,175,2464,100,34,484,16
2020-09-16,Eastern,2594,5,2462,112,15,783,22
2020-09-16,Northern,1512,6,1448,48,10,423,24
2020-09-16,Toronto,1470,21,1399,39,11,1373,37
2020-09-16,Western,1927,5,1739,157,26,608,38
2020-09-17,Central,2781,176,2468,103,34,485,20
2020-09-17,Eastern,2597,5,2462,115,15,783,19
2020-09-17,Northern,1520,6,1458,46,10,471,27
2020-09-17,Toronto,1487,21,1408,47,11,1382,35
2020-09-17,Western,1938,5,1741,166,26,607,33
2020-09-20,Central,2812,176,2494,108,34,486,67
2020-09-20,Eastern,2614,5,2465,129,15,784,25
2020-09-20,Northern,1538,6,1472,46,14,472,29
2020-09-20,Toronto,1507,21,1410,64,12,1389,79
2020-09-20,Western,1955,5,1762,162,26,615,35
2020-09-21,Central,2842,176,2537,94,35,492,14
2020-09-21,Eastern,2674,5,2489,165,15,789,28
2020-09-21,Northern,1561,6,1497,44,14,429,25
2020-09-21,Toronto,1511,21,1413,65,12,1393,77
2020-09-21,Western,1964,6,1788,144,26,620,41
2020-09-22,Central,2857,176,2538,108,35,493,14
2020-09-22,Eastern,2676,5,2518,138,15,789,8
2020-09-22,Northern,1587,6,1515,52,14,430,11
2020-09-22,Toronto,1511,21,1413,65,12,1393,77
2020-09-22,Western,1988,6,1810,145,27,623,33
2020-09-23,Central,2884,176,2558,115,35,493,41
2020-09-23,Eastern,2680,5,2540,120,15,789,10
2020-09-23,Northern,1591,6,1524,47,14,430,27
2020-09-23,Toronto,1533,21,1430,71,11,1407,55
2020-09-23,Western,1990,6,1814,143,27,626,30
2020-09-24,Central,2890,176,2572,107,35,495,41
2020-09-24,Eastern,2694,5,2552,122,15,790,13
2020-09-24,Northern,1598,6,1527,51,14,432,29
2020-09-24,Toronto,1543,21,1430,81,11,1413,47
2020-09-24,Western,1994,6,1817,144,27,627,34
2020-09-27,Central,2902,176,2579,112,35,500,36
2020-09-27,Eastern,2739,5,2571,146,17,793,18
2020-09-27,Northern,1611,6,1549,42,14,435,34
2020-09-27,Toronto,1557,22,1441,82,12,1426,50
2020-09-27,Western,2010,6,1828,149,27,642,35
2020-09-28,Central,2941,176,2624,105,36,502,72
2020-09-28,Eastern,2783,5,2583,178,17,793,22
2020-09-28,Northern,1634,6,1562,52,14,439,37
2020-09-28,Toronto,1559,22,1443,81,13,1425,49
2020-09-28,Western,2017,6,1829,155,27,642,36
2020-09-29,Central,2957,176,2636,109,36,503,48
2020-09-29,Eastern,2793,5,2593,178,17,793,22
2020-09-29,Northern,1641,6,1564,57,14,440,33
2020-09-29,Toronto,1570,22,1447,89,12,1453,47
2020-09-29,Western,2049,6,1851,165,27,649,44
2020-09-30,Central,2969,176,2643,114,36,504,48
2020-09-30,Eastern,2801,5,2631,148,17,793,20
2020-09-30,Northern,1650,6,1579,51,14,440,13
2020-09-30,Toronto,1577,22,1453,90,12,1458,50
2020-09-30,Western,2053,6,1851,169,27,651,56
2020-10-01,Central,2994,176,2672,109,37,509,10
2020-10-01,Eastern,2810,5,2664,124,17,793,14
2020-10-01,Northern,1662,6,1588,54,14,441,11
2020-10-01,Toronto,1583,22,1457,92,12,1462,71
2020-10-01,Western,2054,6,1855,166,27,651,32
2020-10-04,Central,3020,176,2690,117,37,518,17
2020-10-04,Eastern,2826,5,2673,131,17,793,16
2020-10-04,Northern,1678,6,1601,57,14,443,11
2020-10-04,Toronto,1539,23,1462,42,12,1466,54
2020-10-04,Western,2098,6,1890,170,32,654,39
2020-10-05,Central,3072,176,2733,126,37,520,18
2020-10-05,Eastern,2873,5,2705,146,17,795,15
2020-10-05,Northern,1713,6,1620,73,14,443,29
2020-10-05,Toronto,1539,23,1462,42,12,1466,54
2020-10-05,Western,2116,6,1925,153,32,660,42
2020-10-06,Central,3089,176,2779,96,38,519,27
2020-10-06,Eastern,2916,5,2736,158,17,796,21
2020-10-06,Northern,1732,6,1642,70,14,444,30
2020-10-06,Toronto,1547,23,1489,23,12,1480,42
2020-10-06,Western,2131,6,1934,159,32,662,42
2020-10-07,Central,3103,176,2801,83,43,522,21
2020-10-07,Eastern,2926,5,2745,159,17,796,22
2020-10-07,Northern,1735,6,1662,52,15,446,8
2020-10-07,Toronto,1574,23,1499,40,12,1496,56
2020-10-07,Western,2136,6,1952,146,32,665,38
2020-10-08,Central,3109,176,2804,87,42,522,38
2020-10-08,Eastern,2933,5,2763,147,18,796,24
2020-10-08,Northern,1739,6,1680,36,17,447,5
2020-10-08,Toronto,1578,23,1509,33,13,1499,76
2020-10-08,Western,2162,6,1999,130,27,669,27
2020-10-12,Central,3145,177,2834,91,43,523,40
2020-10-12,Eastern,2970,5,2814,133,18,798,19
2020-10-12,Northern,1753,6,1690,40,17,449,5
2020-10-12,Toronto,1594,23,1524,29,18,1509,68
2020-10-12,Western,2176,6,2036,107,27,671,138
2020-10-13,Central,3202,177,2875,107,43,528,77
2020-10-13,Eastern,3019,5,2849,147,18,801,19
2020-10-13,Northern,1782,6,1716,43,17,449,15
2020-10-13,Toronto,1617,23,1549,27,18,1521,33
2020-10-13,Western,2214,6,2058,123,27,673,91
2020-10-14,Central,3219,177,2886,113,43,528,47
2020-10-14,Eastern,3064,5,2868,173,18,802,16
2020-10-14,Northern,1806,6,1731,52,17,452,14
2020-10-14,Toronto,1627,24,1552,34,17,1522,35
2020-10-14,Western,2225,6,2075,117,27,675,86
2020-10-15,Central,3228,177,2903,105,43,533,27
2020-10-15,Eastern,3085,5,2917,146,17,802,17
2020-10-15,Northern,1811,6,1738,50,17,452,14
2020-10-15,Toronto,1635,24,1552,42,17,1535,38
2020-10-15,Western,2232,6,2075,124,27,677,123
2020-10-18,Central,3303,178,2973,109,43,539,105
2020-10-18,Eastern,3131,5,2960,149,17,803,39
2020-10-18,Northern,1832,7,1757,50,18,455,10
2020-10-18,Toronto,1639,24,1552,46,17,1556,18
2020-10-18,Western,2250,6,2103,108,33,692,30
2020-10-19,Central,3342,178,3057,64,43,542,78
2020-10-19,Eastern,3172,5,2987,161,19,803,14
2020-10-19,Northern,1842,7,1772,45,18,456,21
2020-10-19,Toronto,1639,24,1552,46,17,1556,18
2020-10-19,Western,2273,6,2122,112,33,694,29
2020-10-20,Central,3359,178,3062,76,43,543,54
2020-10-20,Eastern,3186,5,3008,154,19,803,28
2020-10-20,Northern,1788,7,1715,48,18,458,22
2020-10-20,Toronto,1654,24,1567,46,17,1561,38
2020-10-20,Western,2281,7,2152,94,28,698,25
2020-10-21,Central,3380,178,3076,82,44,555,51
2020-10-21,Eastern,3196,5,3026,146,19,803,10
2020-10-21,Northern,1800,7,1723,52,18,459,20
2020-10-21,Toronto,1655,24,1573,41,17,1568,45
2020-10-21,Western,2290,7,2165,89,29,701,21
2020-10-22,Central,3385,178,3083,78,46,558,52
2020-10-22,Eastern,3204,5,3041,139,19,804,18
2020-10-22,Northern,1818,7,1740,53,18,463,21
2020-10-22,Toronto,1658,24,1581,36,17,1582,14
2020-10-22,Western,2299,7,2167,97,28,709,21
2020-10-25,Central,3399,178,3121,52,48,552,59
2020-10-25,Eastern,3253,6,3101,127,19,805,73
2020-10-25,Northern,1839,7,1763,51,18,466,11
2020-10-25,Toronto,1680,24,1599,39,18,1608,37
2020-10-25,Western,2329,9,2215,74,31,714,37
2020-10-26,Central,3434,178,3161,47,48,558,41
2020-10-26,Eastern,3301,6,3162,114,19,807,60
2020-10-26,Northern,1849,7,1785,39,18,466,11
2020-10-26,Toronto,1681,25,1599,39,18,1608,37
2020-10-26,Western,2363,9,2242,81,31,715,42
2020-10-27,Central,3456,178,3174,56,48,560,40
2020-10-27,Eastern,3321,6,3204,91,20,808,88
2020-10-27,Northern,1865,7,1790,50,18,467,27
2020-10-27,Toronto,1686,25,1613,30,18,1623,25
2020-10-27,Western,2390,9,2264,85,32,716,33
2020-10-28,Central,3570,178,3211,32,149,565,20
2020-10-28,Eastern,3327,6,3207,94,20,808,91
2020-10-28,Northern,1869,7,1802,42,18,468,31
2020-10-28,Toronto,1688,25,1627,19,17,1630,28
2020-10-28,Western,2401,9,2266,94,32,716,30
2020-10-29,Central,3580,178,3229,22,151,566,19
2020-10-29,Eastern,3354,6,3219,109,20,809,108
2020-10-29,Northern,1878,7,1808,45,18,468,25
2020-10-29,Toronto,1688,25,1627,19,17,1630,28
2020-10-29,Western,2403,9,2272,90,32,718,28
2020-11-01,Central,3517,178,3264,24,51,569,72
2020-11-01,Eastern,3369,6,3249,94,20,811,120
2020-11-01,Northern,1887,7,1842,20,18,469,6
2020-11-01,Toronto,1692,25,1641,11,15,1653,56
2020-11-01,Western,2512,9,2361,91,51,716,29
2020-11-02,Central,3540,178,3278,33,51,576,66
2020-11-02,Eastern,3441,6,3319,96,20,813,44
2020-11-02,Northern,1911,7,1847,39,18,471,15
2020-11-02,Toronto,1696,25,1646,10,15,1662,51
2020-11-02,Western,2533,9,2365,108,51,721,28
2020-11-03,Central,3556,178,3297,33,48,575,39
2020-11-03,Eastern,3455,6,3328,101,20,813,48
2020-11-03,Northern,1913,7,1849,39,18,471,15
2020-11-03,Toronto,1700,25,1647,13,15,1674,73
2020-11-03,Western,2558,9,2424,74,51,733,44
2020-11-04,Central,3574,179,3315,32,48,578,53
2020-11-04,Eastern,3469,6,3357,89,17,817,68
2020-11-04,Northern,1924,7,1856,43,18,472,16
2020-11-04,Toronto,1707,25,1647,19,16,1678,74
2020-11-04,Western,2566,9,2435,71,51,733,37
2020-11-05,Central,3577,179,3316,33,49,580,52
2020-11-05,Eastern,3487,6,3376,85,20,806,56
2020-11-05,Northern,1926,7,1863,38,18,473,15
2020-11-05,Toronto,1712,25,1647,24,16,1682,74
2020-11-05,Western,2570,9,2436,74,51,735,19
2020-11-08,Central,3613,179,3344,41,49,586,53
2020-11-08,Eastern,3499,6,3388,85,20,818,80
2020-11-08,Northern,1942,7,1886,31,18,474,20
2020-11-08,Toronto,1720,25,1665,15,15,1695,54
2020-11-08,Western,2592,9,2460,74,49,733,78
2020-11-09,Central,3621,179,3353,40,49,590,54
2020-11-09,Eastern,3530,6,3409,95,20,816,113
2020-11-09,Northern,1972,7,1906,41,18,476,28
2020-11-09,Toronto,1720,25,1665,15,15,1695,54
2020-11-09,Western,2601,9,2466,77,49,733,78
2020-11-11,Central,3682,180,3405,48,49,598,32
2020-11-11,Eastern,3554,6,3451,77,20,817,70
2020-11-11,Northern,1993,7,1924,44,18,481,22
2020-11-11,Toronto,1745,26,1685,19,15,1719,101
2020-11-11,Western,2653,9,2494,99,51,733,46
2020-11-12,Central,3722,180,3452,41,49,601,30
2020-11-12,Eastern,3575,6,3463,88,18,819,35
2020-11-12,Northern,2008,7,1932,51,18,479,22
2020-11-12,Toronto,1750,27,1695,13,15,1724,80
2020-11-12,Western,2663,9,2516,87,51,736,25
2020-11-15,Central,3781,181,3513,38,49,603,143
2020-11-15,Eastern,3608,6,3501,81,20,819,64
2020-11-15,Northern,2037,7,1958,54,18,481,37
2020-11-15,Toronto,1757,28,1698,16,15,1733,77
2020-11-15,Western,2678,10,2544,73,51,739,106
2020-11-16,Central,3802,182,3532,39,49,603,141
2020-11-16,Eastern,3668,6,3540,100,22,819,15
2020-11-16,Northern,2052,7,1989,38,18,482,38
2020-11-16,Toronto,1761,28,1705,13,15,1738,73
2020-11-16,Western,2688,10,2564,63,51,740,101
2020-11-17,Central,3842,182,3568,43,49,607,85
2020-11-17,Eastern,3677,6,3562,89,20,819,8
2020-11-17,Northern,2063,7,1998,40,18,486,40
2020-11-17,Toronto,1783,28,1719,20,16,1764,119
2020-11-17,Western,2717,10,2593,63,51,742,129
2020-11-18,Central,3856,182,3585,39,50,607,85
2020-11-18,Eastern,3683,6,3563,93,21,820,14
2020-11-18,Northern,2066,7,2003,38,18,487,23
2020-11-18,Toronto,1786,28,1721,21,16,1777,95
2020-11-18,Western,2732,10,2597,74,51,750,67
2020-11-19,Central,3861,182,3601,28,50,608,90
2020-11-19,Eastern,3712,6,3606,78,22,820,32
2020-11-19,Northern,2071,7,2009,37,18,485,23
2020-11-19,Toronto,1788,29,1724,19,16,1777,96
2020-11-19,Western,2737,10,2599,77,51,755,66
2020-11-22,Central,3899,183,3643,24,49,612,20
2020-11-22,Eastern,3715,6,3615,73,21,820,51
2020-11-22,Northern,2097,7,2027,45,18,487,26
2020-11-22,Toronto,1795,29,1738,12,16,1789,61
2020-11-22,Western,2776,10,2665,49,52,763,29
2020-11-23,Central,3924,183,3658,33,50,618,20
2020-11-23,Eastern,3723,6,3625,71,21,820,78
2020-11-23,Northern,2107,7,2035,47,18,487,30
2020-11-23,Toronto,1805,29,1749,11,16,1807,75
2020-11-23,Western,2780,10,2669,49,52,762,27
2020-11-24,Central,3938,183,3666,39,50,619,21
2020-11-24,Eastern,3789,6,3681,81,21,824,72
2020-11-24,Northern,2119,7,2062,32,18,493,23
2020-11-24,Toronto,1806,29,1749,12,16,1807,75
2020-11-24,Western,2805,10,2694,48,53,762,41
2020-11-25,Central,3955,184,3681,40,50,620,51
2020-11-25,Eastern,3808,6,3680,101,21,824,77
2020-11-25,Northern,2125,7,2065,35,18,492,38
2020-11-25,Toronto,1815,30,1750,19,16,1815,80
2020-11-25,Western,2807,10,2700,44,53,769,45
2020-11-26,Central,3957,184,3702,21,50,623,51
2020-11-26,Eastern,3823,7,3688,107,21,823,132
2020-11-26,Northern,2140,7,2076,39,18,495,33
2020-11-26,Toronto,1825,30,1753,26,16,1824,93
2020-11-26,Western,2828,10,2725,40,53,770,21
2020-11-29,Central,4043,185,3779,30,49,635,123
2020-11-29,Eastern,3832,7,3696,108,21,823,116
2020-11-29,Northern,2150,7,2095,30,18,498,12
2020-11-29,Toronto,1830,30,1756,28,16,1828,90
2020-11-29,Western,2853,10,2752,39,52,772,31
2020-11-30,Central,4120,185,3809,72,54,641,134
2020-11-30,Eastern,3871,7,3744,99,21,821,108
2020-11-30,Northern,2177,7,2111,41,18,501,18
2020-11-30,Toronto,1837,30,1762,29,16,1845,47
2020-11-30,Western,2887,10,2771,54,52,774,82
2020-12-01,Central,4137,186,3811,85,55,649,166
2020-12-01,Eastern,3897,7,3761,107,22,826,92
2020-12-01,Northern,2194,7,2121,48,18,508,19
2020-12-01,Toronto,1846,30,1771,29,16,1851,32
2020-12-01,Western,2891,10,2773,56,52,774,76
2020-12-02,Central,4144,186,3833,70,55,650,137
2020-12-02,Eastern,3907,7,3787,91,22,828,49
2020-12-02,Northern,2201,7,2125,51,18,510,10
2020-12-02,Toronto,1848,30,1771,31,16,1854,28
2020-12-02,Western,2927,10,2812,53,52,775,54
2020-12-03,Central,4161,186,3877,43,55,649,105
2020-12-03,Eastern,3917,7,3800,88,22,828,49
2020-12-03,Northern,2208,7,2133,50,18,511,21
2020-12-03,Toronto,1853,31,1779,27,16,1872,83
2020-12-03,Western,2933,10,2820,51,52,775,67
2020-12-06,Central,4207,186,3904,61,56,654,98
2020-12-06,Eastern,3955,7,3814,112,22,829,93
2020-12-06,Northern,2236,7,2155,56,18,515,119
2020-12-06,Toronto,1886,35,1804,31,16,1872,157
2020-12-06,Western,2970,10,2836,71,53,776,90
2020-12-07,Central,4252,186,3920,90,56,659,126
2020-12-07,Eastern,4003,7,3889,85,22,831,100
2020-12-07,Northern,2250,7,2179,46,18,521,54
2020-12-07,Toronto,1890,36,1804,34,16,1872,161
2020-12-07,Western,2976,10,2848,65,53,778,73
2020-12-08,Central,4253,186,3935,76,56,664,126
2020-12-08,Eastern,4009,7,3907,72,23,831,66
2020-12-08,Northern,2259,7,2186,48,18,521,42
2020-12-08,Toronto,1906,38,1814,38,16,1882,163
2020-12-08,Western,2999,10,2862,75,52,784,83
2020-12-09,Central,4267,187,3942,82,56,664,82
2020-12-09,Eastern,4026,7,3912,84,23,832,26
2020-12-09,Northern,2268,7,2188,51,22,521,44
2020-12-09,Toronto,1908,40,1814,38,16,1882,163
2020-12-09,Western,3011,10,2882,67,52,785,126
2020-12-10,Central,4305,187,3985,77,56,666,121
2020-12-10,Eastern,4037,7,3934,73,23,833,26
2020-12-10,Northern,2281,7,2194,49,31,523,66
2020-12-10,Toronto,1940,59,1833,32,16,1890,216
2020-12-10,Western,3031,11,2896,72,52,786,125
2020-12-13,Central,4335,187,4017,74,57,672,63
2020-12-13,Eastern,4060,7,3946,84,23,833,95
2020-12-13,Northern,2311,7,2233,40,31,523,57
2020-12-13,Toronto,2045,72,1850,113,16,1923,318
2020-12-13,Western,3047,12,2933,48,54,790,52
2020-12-14,Central,4359,187,4024,88,60,674,36
2020-12-14,Eastern,4092,7,3979,83,23,837,177
2020-12-14,Northern,2333,7,2245,50,31,526,45
2020-12-14,Toronto,2061,72,1880,93,16,1938,243
2020-12-14,Western,3048,12,2944,38,54,790,84
2020-12-15,Central,4381,187,4035,100,59,675,72
2020-12-15,Eastern,4113,7,4006,77,23,839,78
2020-12-15,Northern,2338,7,2252,43,36,528,17
2020-12-15,Toronto,2063,79,1887,81,16,1943,264
2020-12-15,Western,3091,13,2957,67,54,799,110
2020-12-16,Central,4382,187,4035,101,59,675,63
2020-12-16,Eastern,4127,7,4022,75,23,839,60
2020-12-16,Northern,2350,7,2260,47,36,528,27
2020-12-16,Toronto,2073,106,1908,43,16,1940,260
2020-12-16,Western,3131,13,2960,104,54,811,120
2020-12-17,Central,4402,188,4064,92,58,679,37
2020-12-17,Eastern,4151,7,4028,93,23,839,78
2020-12-17,Northern,2363,8,2268,51,36,529,36
2020-12-17,Toronto,2074,98,1910,50,16,1938,274
2020-12-17,Western,3180,17,3023,86,54,818,100
2020-12-20,Central,4443,188,4131,65,59,692,84
2020-12-20,Eastern,4166,7,4043,93,23,840,46
2020-12-20,Northern,2376,8,2279,53,36,531,53
2020-12-20,Toronto,2093,109,1929,39,16,2017,359
2020-12-20,Western,3209,29,3058,68,54,837,157
2020-12-21,Central,4456,188,4137,72,59,694,80
2020-12-21,Eastern,4223,7,4108,85,23,841,9
2020-12-21,Northern,2409,8,2306,59,36,537,47
2020-12-21,Toronto,2097,109,1931,41,16,2020,290
2020-12-21,Western,3240,29,3079,72,60,847,142
2020-12-22,Central,4568,188,4252,68,60,699,80
2020-12-22,Eastern,4244,8,4153,60,23,841,6
2020-12-22,Northern,2414,8,2308,62,36,543,39
2020-12-22,Toronto,2126,109,1933,68,16,2031,252
2020-12-22,Western,3246,30,3082,73,61,848,141
2020-12-29,Central,4670,191,4354,64,61,708,75
2020-12-29,Eastern,4357,9,4272,53,23,842,73
2020-12-29,Northern,2474,8,2380,50,36,545,15
2020-12-29,Toronto,2187,118,2025,25,19,2054,205
2020-12-29,Western,3316,30,3133,91,62,855,160
2021-01-03,Central,4737,192,4434,50,61,720,18
2021-01-03,Eastern,4397,10,4313,51,23,845,67
2021-01-03,Northern,2505,8,2413,48,36,553,10
2021-01-03,Toronto,2204,119,2050,15,20,2080,92
2021-01-03,Western,3356,30,3197,65,64,873,175
2021-01-04,Central,4768,192,4464,50,62,731,39
2021-01-04,Eastern,4436,10,4353,50,23,845,71
2021-01-04,Northern,2511,9,2439,27,36,556,13
2021-01-04,Toronto,2205,119,2055,11,20,2084,91
2021-01-04,Western,3414,30,3247,74,63,880,60
2021-01-05,Central,4823,192,4519,50,62,738,65
2021-01-05,Eastern,4451,11,4375,42,23,845,85
2021-01-05,Northern,2518,9,2443,30,36,541,25
2021-01-05,Toronto,2207,120,2060,8,19,2086,22
2021-01-05,Western,3422,29,3257,73,63,881,58
2021-01-06,Central,4826,193,4525,45,63,739,86
2021-01-06,Eastern,4463,11,4380,49,23,845,116
2021-01-06,Northern,2522,10,2445,31,36,542,25
2021-01-06,Toronto,2212,120,2062,11,19,2095,22
2021-01-06,Western,3422,29,3280,50,63,881,59
2021-01-07,Central,4840,193,4532,51,64,742,88
2021-01-07,Eastern,4491,11,4405,52,23,847,98
2021-01-07,Northern,2522,10,2447,29,36,544,29
2021-01-07,Toronto,2213,120,2064,10,19,2096,20
2021-01-07,Western,3504,29,3328,84,63,883,41
2021-01-10,Central,4874,195,4556,59,64,751,57
2021-01-10,Eastern,4506,11,4415,57,23,848,68
2021-01-10,Northern,2562,13,2482,31,36,564,51
2021-01-10,Toronto,2232,122,2077,14,19,2104,61
2021-01-10,Western,3518,29,3347,79,63,892,44
2021-01-11,Central,4892,196,4568,64,64,751,124
2021-01-11,Eastern,4571,12,4476,60,23,850,70
2021-01-11,Northern,2576,13,2487,39,37,566,44
2021-01-11,Toronto,2233,122,2079,13,19,2105,61
2021-01-11,Western,3526,29,3360,74,63,894,58
2021-01-12,Central,4927,197,4593,73,64,751,120
2021-01-12,Eastern,4609,12,4510,64,23,849,86
2021-01-12,Northern,2605,26,2494,48,37,568,41
2021-01-12,Toronto,2247,122,2090,15,20,2119,73
2021-01-12,Western,3556,29,3372,92,63,895,80
2021-01-13,Central,4949,197,4620,69,63,755,168
2021-01-13,Eastern,4622,12,4511,76,23,849,80
2021-01-13,Northern,2729,26,2597,69,37,573,153
2021-01-13,Toronto,2247,122,2090,15,20,2119,73
2021-01-13,Western,3569,29,3382,95,63,898,58
2021-01-14,Central,5006,199,4674,69,64,768,49
2021-01-14,Eastern,4628,14,4515,76,23,849,91
2021-01-14,Northern,2743,27,2607,72,37,575,148
2021-01-14,Toronto,2261,122,2116,2,21,2118,35
2021-01-14,Western,3570,29,3383,95,63,901,57
2021-01-17,Central,5051,200,4725,60,66,780,91
2021-01-17,Eastern,4692,15,4561,93,23,849,120
2021-01-17,Northern,2763,28,2645,59,31,575,140
2021-01-17,Toronto,2277,123,2127,6,21,2155,52
2021-01-17,Western,3610,30,3400,118,62,906,40
2021-01-18,Central,5088,201,4750,71,66,791,131
2021-01-18,Eastern,4748,16,4631,78,23,854,120
2021-01-18,Northern,2797,35,2669,56,37,578,193
2021-01-18,Toronto,2284,123,2131,7,23,2164,80
2021-01-18,Western,3626,30,3438,96,62,906,93
2021-01-19,Central,5091,205,4761,59,66,791,159
2021-01-19,Eastern,4752,16,4645,68,23,853,92
2021-01-19,Northern,2883,35,2681,130,37,586,211
2021-01-19,Toronto,2283,123,2130,7,23,2169,80
2021-01-19,Western,3642,30,3439,109,64,912,206
2021-01-20,Central,5130,206,4777,77,70,793,396
2021-01-20,Eastern,4779,16,4661,79,23,854,109
2021-01-20,Northern,2893,35,2686,135,37,588,196
2021-01-20,Toronto,2291,123,2139,6,23,2170,35
2021-01-20,Western,3655,33,3465,93,64,913,147
2021-01-21,Central,5194,265,4786,73,70,795,397
2021-01-21,Eastern,4791,16,4670,82,23,853,123
2021-01-21,Northern,2947,82,2781,46,38,590,175
2021-01-21,Toronto,2298,123,2140,12,23,2177,60
2021-01-21,Western,3683,34,3472,111,66,913,193
2021-01-24,Central,5263,286,4811,98,68,794,371
2021-01-24,Eastern,4830,16,4697,94,23,853,123
2021-01-24,Northern,2999,84,2832,45,38,589,192
2021-01-24,Toronto,2318,124,2155,16,23,2211,106
2021-01-24,Western,3771,51,3550,106,64,955,189
2021-01-25,Central,5280,289,4816,107,68,795,371
2021-01-25,Eastern,4877,19,4725,109,24,855,138
2021-01-25,Northern,3007,84,2837,48,38,591,205
2021-01-25,Toronto,2333,129,2161,20,23,2219,133
2021-01-25,Western,3772,51,3551,106,64,959,230
2021-01-26,Central,5308,289,4833,117,69,796,346
2021-01-26,Eastern,4913,20,4768,101,24,858,101
2021-01-26,Northern,3014,89,2846,41,38,596,212
2021-01-26,Toronto,2361,130,2169,39,23,2222,161
2021-01-26,Western,3811,51,3591,103,66,961,205
2021-01-27,Central,5362,294,4890,111,67,815,509
2021-01-27,Eastern,4924,20,4810,70,24,858,75
2021-01-27,Northern,3039,91,2862,52,34,596,202
2021-01-27,Toronto,2375,152,2185,14,24,2229,101
2021-01-27,Western,3824,52,3620,87,65,965,193
2021-01-28,Central,5379,296,4911,104,68,814,573
2021-01-28,Eastern,4938,20,4817,77,24,858,218
2021-01-28,Northern,3104,104,2878,89,33,597,185
2021-01-28,Toronto,2381,151,2187,19,24,2230,91
2021-01-28,Western,3858,53,3624,116,65,968,176
2021-01-31,Central,5408,320,4915,104,69,814,517
2021-01-31,Eastern,4631,23,4499,87,22,196,318
2021-01-31,Northern,3125,109,2890,93,33,597,187
2021-01-31,Toronto,2397,156,2187,30,24,2231,91
2021-01-31,Western,3870,54,3635,116,65,968,178
2021-02-01,Central,5442,507,4754,112,69,918,644
2021-02-01,Eastern,5090,23,4950,94,23,865,244
2021-02-01,Northern,3139,109,2911,82,37,602,169
2021-02-01,Toronto,2393,156,2182,34,21,2232,97
2021-02-01,Western,3879,55,3667,91,66,969,178
2021-02-02,Central,5450,509,4758,113,70,919,654
2021-02-02,Eastern,5134,24,4968,119,23,868,164
2021-02-02,Northern,3198,113,2994,54,37,627,145
2021-02-02,Toronto,2401,157,2189,34,21,2238,97
2021-02-02,Western,3884,57,3667,94,66,975,179
2021-02-03,Central,5503,336,4954,127,86,808,734
2021-02-03,Eastern,5138,24,4985,105,24,868,161
2021-02-03,Northern,3211,116,3005,52,38,628,125
2021-02-03,Toronto,2432,159,2214,38,21,2251,68
2021-02-03,Western,3911,57,3671,117,66,976,180
2021-02-04,Central,5614,409,4998,121,86,813,733
2021-02-04,Eastern,5150,25,5005,96,24,871,171
2021-02-04,Northern,3218,116,3011,53,38,641,114
2021-02-04,Toronto,2437,160,2211,45,21,2263,88
2021-02-04,Western,3937,60,3686,125,66,984,294
2021-02-07,Central,5615,410,5003,119,83,813,731
2021-02-07,Eastern,5231,31,5069,106,25,871,192
2021-02-07,Northern,3270,128,3040,64,38,666,112
2021-02-07,Toronto,2454,159,2246,28,21,2294,78
2021-02-07,Western,3978,65,3750,99,64,988,306
2021-02-08,Central,5665,429,5019,130,87,814,669
2021-02-08,Eastern,5293,31,5135,102,25,871,199
2021-02-08,Northern,3305,128,3075,64,38,665,113
2021-02-08,Toronto,2479,159,2282,17,21,2305,61
2021-02-08,Western,3997,66,3773,94,64,988,117
2021-02-09,Central,5677,429,5018,142,88,817,753
2021-02-09,Eastern,5315,33,5157,99,26,871,194
2021-02-09,Northern,3313,128,3079,68,38,665,122
2021-02-09,Toronto,2494,162,2293,18,21,2310,61
2021-02-09,Western,4029,77,3779,109,64,989,158
2021-02-10,Central,5678,430,5034,122,92,817,752
2021-02-10,Eastern,5350,33,5186,105,26,872,164
2021-02-10,Northern,3326,128,3097,63,38,668,105
2021-02-10,Toronto,2521,163,2294,43,21,2314,109
2021-02-10,Western,4049,78,3795,112,64,990,132
2021-02-11,Central,5690,430,5048,119,93,817,671
2021-02-11,Eastern,5383,33,5204,120,26,877,137
2021-02-11,Northern,3359,134,3126,61,38,681,105
2021-02-11,Toronto,2524,170,2308,25,21,2314,101
2021-02-11,Western,4267,78,3988,137,64,990,124
2021-02-15,Central,5711,430,5073,112,96,822,737
2021-02-15,Eastern,5442,33,5274,110,25,875,122
2021-02-15,Northern,3370,134,3146,52,38,684,97
2021-02-15,Toronto,2594,182,2356,34,22,2370,144
2021-02-15,Western,4440,99,4085,192,64,1234,199
2021-02-16,Central,5731,432,5094,109,96,830,738
2021-02-16,Eastern,5453,33,5279,115,26,878,129
2021-02-16,Northern,3408,134,3169,67,38,703,101
2021-02-16,Toronto,2595,183,2361,29,22,2370,181
2021-02-16,Western,4480,109,4110,197,64,1234,182
2021-02-17,Central,5808,437,5153,121,97,835,117
2021-02-17,Eastern,5520,33,5313,148,26,885,130
2021-02-17,Northern,3425,134,3200,53,38,705,86
2021-02-17,Toronto,2620,183,2380,34,23,2398,193
2021-02-17,Western,4493,111,4154,164,64,1237,168
2021-02-18,Central,5822,437,5166,122,97,835,117
2021-02-18,Eastern,5600,34,5436,102,28,874,113
2021-02-18,Northern,3467,134,3246,49,38,708,90
2021-02-18,Toronto,2621,183,2383,32,23,2400,193
2021-02-18,Western,4498,112,4170,152,64,1264,110
2021-02-21,Central,5820,439,5172,110,99,836,118
2021-02-21,Eastern,5629,35,5456,110,28,890,137
2021-02-21,Northern,3488,134,3270,46,38,711,104
2021-02-21,Toronto,2844,185,2604,32,23,2416,193
2021-02-21,Western,4540,129,4194,153,64,1286,126
2021-02-22,Central,5845,458,5176,112,99,837,133
2021-02-22,Eastern,5666,35,5490,112,29,890,77
2021-02-22,Northern,3537,136,3315,48,38,713,77
2021-02-22,Toronto,2652,186,2410,33,23,2426,157
2021-02-22,Western,4556,130,4208,154,64,1290,173
2021-02-23,Central,5858,459,5188,112,99,840,150
2021-02-23,Eastern,5691,35,5517,110,29,890,54
2021-02-23,Northern,3556,136,3332,50,38,714,75
2021-02-23,Toronto,2666,186,2412,45,23,2518,214
2021-02-23,Western,4569,131,4224,150,64,1293,149
2021-02-24,Central,5914,460,5240,115,99,840,267
2021-02-24,Eastern,5705,36,5523,115,31,891,117
2021-02-24,Northern,3571,136,3338,59,38,717,76
2021-02-24,Toronto,2673,186,2415,49,23,2535,168
2021-02-24,Western,4590,131,4227,168,64,1293,177
2021-02-25,Central,5948,478,5246,125,99,841,246
2021-02-25,Eastern,5728,36,5550,112,30,892,140
2021-02-25,Northern,3597,137,3347,75,38,735,83
2021-02-25,Toronto,2674,186,2444,21,23,2535,186
2021-02-25,Western,4606,131,4234,177,64,1294,174
2021-02-28,Central,5976,485,5275,117,99,850,225
2021-02-28,Eastern,5893,37,5729,97,30,1015,50
2021-02-28,Northern,3615,139,3373,65,38,735,84
2021-02-28,Toronto,2729,193,2471,37,28,2576,112
2021-02-28,Western,4754,149,4295,246,64,1300,239
2021-03-01,Central,6002,487,5294,122,99,851,211
2021-03-01,Eastern,5904,37,5746,91,30,1023,92
2021-03-01,Northern,3648,139,3404,67,38,752,100
2021-03-01,Toronto,2734,192,2481,35,26,2583,189
2021-03-01,Western,4755,149,4297,245,64,1300,250
2021-03-02,Central,6027,487,5306,130,104,854,254
2021-03-02,Eastern,5934,37,5753,112,32,1035,68
2021-03-02,Northern,3668,139,3416,74,39,756,100
2021-03-02,Toronto,2736,192,2482,36,26,2584,100
2021-03-02,Western,4843,154,4404,220,65,1313,312
2021-03-03,Central,6030,489,5321,116,104,869,261
2021-03-03,Eastern,5976,37,5787,120,32,1056,41
2021-03-03,Northern,3681,140,3418,84,39,761,100
2021-03-03,Toronto,2737,194,2491,26,26,2593,69
2021-03-03,Western,4865,154,4408,238,65,1333,287
2021-03-04,Central,6047,495,5324,124,104,876,261
2021-03-04,Eastern,6026,37,5852,104,33,1077,39
2021-03-04,Northern,3686,140,3434,73,39,763,100
2021-03-04,Toronto,2740,194,2494,26,26,2595,68
2021-03-04,Western,4900,154,4453,226,67,1343,312
2021-03-07,Central,6145,498,5410,133,104,899,295
2021-03-07,Eastern,6170,40,5988,109,33,1163,93
2021-03-07,Northern,3749,142,3497,71,39,771,109
2021-03-07,Toronto,2786,196,2518,45,27,2613,73
2021-03-07,Western,4935,155,4469,242,69,1362,317
2021-03-08,Central,6193,499,5430,160,104,922,301
2021-03-08,Eastern,6099,40,5918,107,34,1098,96
2021-03-08,Northern,3784,146,3515,84,39,778,107
2021-03-08,Toronto,2805,196,2518,64,27,2629,48
2021-03-08,Western,4960,157,4496,239,68,1362,287
2021-03-09,Central,6204,502,5430,167,105,924,300
2021-03-09,Eastern,6142,39,5964,105,34,1128,121
2021-03-09,Northern,3843,148,3558,98,39,799,111
2021-03-09,Toronto,2836,196,2548,61,31,2644,85
2021-03-09,Western,4979,159,4538,214,68,1365,250
2021-03-10,Central,6204,502,5462,136,104,940,283
2021-03-10,Eastern,6174,39,6007,94,34,1136,123
2021-03-10,Northern,3859,148,3570,102,39,802,109
2021-03-10,Toronto,2873,199,2549,94,31,2651,80
2021-03-10,Western,4985,161,4544,212,68,1367,360
2021-03-11,Central,6213,503,5469,137,104,940,284
2021-03-11,Eastern,6199,40,6023,102,34,1141,134
2021-03-11,Northern,3877,149,3596,93,39,799,113
2021-03-11,Toronto,2899,224,2553,91,31,2657,80
2021-03-11,Western,5046,165,4568,245,68,1380,340
2021-03-14,Central,6282,504,5507,168,103,969,367
2021-03-14,Eastern,6114,41,5938,105,30,1144,99
2021-03-14,Northern,3892,150,3607,96,39,801,89
2021-03-14,Toronto,3005,224,2650,92,39,2681,186
2021-03-14,Western,5175,172,4668,262,73,1408,344
2021-03-15,Central,6314,505,5549,154,106,987,397
2021-03-15,Eastern,6346,43,6140,129,34,1176,78
2021-03-15,Northern,3931,150,3636,106,39,802,82
2021-03-15,Toronto,3020,224,2658,99,39,2693,169
2021-03-15,Western,5179,172,4690,245,72,1408,320
2021-03-16,Central,6366,505,5609,147,105,1011,258
2021-03-16,Eastern,6377,44,6170,129,34,1183,82
2021-03-16,Northern,3975,152,3686,98,39,807,102
2021-03-16,Toronto,3151,230,2759,115,47,3376,189
2021-03-16,Western,5222,172,4723,255,72,1409,318
2021-03-17,Central,6474,506,5718,144,106,1030,281
2021-03-17,Eastern,6402,44,6219,104,35,1193,98
2021-03-17,Northern,3989,152,3700,98,39,811,69
2021-03-17,Toronto,3157,234,2761,115,47,3376,189
2021-03-17,Western,5239,170,4743,250,76,1413,207
2021-03-18,Central,6506,506,5762,140,98,1045,303
2021-03-18,Eastern,6403,44,6222,102,35,1193,95
2021-03-18,Northern,4023,153,3743,88,39,811,70
2021-03-18,Toronto,3167,236,2771,113,47,3383,130
2021-03-18,Western,5243,170,4748,251,74,1419,189
2021-03-21,Central,6618,508,5878,133,99,1076,248
2021-03-21,Eastern,6519,46,6303,135,35,1210,35
2021-03-21,Northern,4045,155,3746,105,39,826,80
2021-03-21,Toronto,3194,241,2817,88,48,3400,120
2021-03-21,Western,5254,173,4765,242,74,1418,190
2021-03-22,Central,6678,509,5922,146,101,1094,256
2021-03-22,Eastern,6528,46,6322,125,35,1239,58
2021-03-22,Northern,4082,155,3775,113,39,839,109
2021-03-22,Toronto,3264,242,2823,151,48,3411,118
2021-03-22,Western,5275,174,4789,238,74,1423,221
2021-03-23,Central,6680,509,5924,146,101,1103,255
2021-03-23,Eastern,6587,46,6353,153,35,1244,38
2021-03-23,Northern,4105,156,3803,107,39,846,84
2021-03-23,Toronto,3284,246,2932,53,53,3417,116
2021-03-23,Western,5305,174,4819,238,74,1539,230
2021-03-24,Central,6761,509,6014,135,103,1184,190
2021-03-24,Eastern,6608,46,6366,161,35,1252,69
2021-03-24,Northern,4122,157,3822,104,39,850,80
2021-03-24,Toronto,3287,249,2940,44,54,3428,65
2021-03-24,Western,5307,175,4823,235,74,1539,225
2021-03-25,Central,6785,510,6041,131,103,1199,164
2021-03-25,Eastern,6630,47,6420,128,35,1261,103
2021-03-25,Northern,4157,157,3875,86,39,853,102
2021-03-25,Toronto,3287,250,2940,43,54,3428,65
2021-03-25,Western,5322,177,4858,212,75,1544,102
2021-03-28,Central,6798,512,6053,130,103,1320,160
2021-03-28,Eastern,6661,47,6467,112,35,1257,93
2021-03-28,Northern,4175,157,3906,73,39,857,101
2021-03-28,Toronto,3327,250,2993,29,55,3468,43
2021-03-28,Western,5331,179,4864,213,75,1592,103
2021-03-29,Central,6830,512,6074,140,104,1234,152
2021-03-29,Eastern,6725,47,6528,114,36,1289,98
2021-03-29,Northern,4210,158,3933,79,40,862,105
2021-03-29,Toronto,3337,250,2994,37,56,3468,112
2021-03-29,Western,5332,179,4864,214,75,1592,103
2021-03-30,Central,6847,512,6082,149,104,1239,148
2021-03-30,Eastern,6886,47,6672,131,36,1297,83
2021-03-30,Northern,4233,159,3946,89,39,870,99
2021-03-30,Toronto,3351,250,3016,29,56,3486,118
2021-03-30,Western,5372,179,4909,209,75,1592,148
2021-03-31,Central,6853,512,6090,147,104,1244,150
2021-03-31,Eastern,6929,48,6706,138,37,1313,98
2021-03-31,Northern,4252,159,3967,87,39,883,103
2021-03-31,Toronto,3373,253,3035,28,57,3503,87
2021-03-31,Western,5431,187,4959,210,75,1607,165
2021-04-05,Central,6883,516,6107,154,106,1258,90
2021-04-05,Eastern,7008,51,6796,126,35,1401,181
2021-04-05,Northern,4326,160,4020,107,39,915,108
2021-04-05,Toronto,3434,255,3086,35,58,3536,111
2021-04-05,Western,5520,188,5101,156,75,1576,220
2021-04-06,Central,6962,521,6175,157,109,1312,97
2021-04-06,Eastern,6955,50,6752,117,36,1367,95
2021-04-06,Northern,4357,162,4049,107,39,916,115
2021-04-06,Toronto,3447,255,3112,21,59,3590,106
2021-04-06,Western,5547,188,5128,156,75,1587,229
2021-04-07,Central,6970,522,6180,157,111,1319,96
2021-04-07,Eastern,7089,50,6884,117,38,1376,113
2021-04-07,Northern,4371,162,4070,100,39,922,131
2021-04-07,Toronto,3452,255,3113,21,63,3590,110
2021-04-07,Western,5557,188,5134,160,75,1590,231
2021-04-08,Central,7000,522,6215,137,126,1324,121
2021-04-08,Eastern,7119,51,6898,130,40,1390,118
2021-04-08,Northern,4419,162,4110,108,39,925,119
2021-04-08,Toronto,3462,255,3121,22,64,3644,88
2021-04-08,Western,5705,189,5284,155,77,1762,114
2021-04-11,Central,7028,524,6217,160,127,1334,119
2021-04-11,Eastern,7165,51,6980,94,40,1393,139
2021-04-11,Northern,4493,163,4172,119,39,943,115
2021-04-11,Toronto,3465,259,3127,14,65,3644,59
2021-04-11,Western,5772,199,5331,165,77,1881,126
2021-04-12,Central,7046,526,6243,150,127,1354,102
2021-04-12,Eastern,7272,54,7061,113,44,1303,136
2021-04-12,Northern,4519,165,4203,111,40,944,49
2021-04-12,Toronto,3495,259,3135,36,65,3664,87
2021-04-12,Western,5857,200,5395,185,77,1977,291
2021-04-13,Central,7064,526,6245,166,127,1364,130
2021-04-13,Eastern,7291,60,7083,103,45,1313,88
2021-04-13,Northern,4547,166,4214,127,40,955,51
2021-04-13,Toronto,3509,259,3144,39,67,3665,54
2021-04-13,Western,5868,201,5414,173,80,1984,291
2021-04-14,Central,7145,534,6303,178,130,1390,112
2021-04-14,Eastern,7313,60,7103,105,45,1334,76
2021-04-14,Northern,4574,166,4259,108,41,958,44
2021-04-14,Toronto,3523,261,3161,31,70,3681,72
2021-04-14,Western,5924,203,5487,156,78,1994,283
2021-04-15,Central,7150,536,6311,174,129,1397,121
2021-04-15,Eastern,7336,60,7134,97,45,1362,48
2021-04-15,Northern,4599,166,4288,104,41,964,44
2021-04-15,Toronto,3536,261,3172,33,70,3686,91
2021-04-15,Western,5933,203,5481,171,78,1997,294
2021-04-18,Central,7182,539,6337,177,129,1411,109
2021-04-18,Eastern,7399,61,7172,121,45,1376,142
2021-04-18,Northern,4649,167,4330,93,59,968,73
2021-04-18,Toronto,3569,274,3205,22,68,3706,55
2021-04-18,Western,5978,221,5516,163,78,1997,314
2021-04-19,Central,7206,540,6349,187,130,1415,105
2021-04-19,Eastern,7468,61,7237,125,45,1399,101
2021-04-19,Northern,4692,167,4369,97,59,981,68
2021-04-19,Toronto,3588,278,3207,33,70,3714,55
2021-04-19,Western,5999,221,5532,168,78,2004,299
2021-04-20,Central,7232,542,6367,191,132,1434,96
2021-04-20,Eastern,7514,63,7263,143,45,1411,109
2021-04-20,Northern,4740,167,4406,105,62,985,53
2021-04-20,Toronto,3659,279,3221,87,72,3721,79
2021-04-20,Western,6041,223,5565,175,78,2008,357
2021-04-21,Central,7245,545,6367,200,133,1446,145
2021-04-21,Eastern,7523,63,7284,131,45,1415,128
2021-04-21,Northern,4743,167,4411,103,62,985,57
2021-04-21,Toronto,3658,279,3297,9,73,3724,92
2021-04-21,Western,6133,223,5652,180,78,2042,359
2021-04-22,Central,7252,545,6376,196,135,1451,146
2021-04-22,Eastern,7540,63,7311,121,45,1421,131
2021-04-22,Northern,4760,168,4422,108,62,992,78
2021-04-22,Toronto,3704,281,3315,35,73,3728,113
2021-04-22,Western,6138,224,5653,182,79,2042,425
2021-04-25,Central,7334,553,6420,220,141,1483,126
2021-04-25,Eastern,7622,65,7398,114,45,1444,132
2021-04-25,Northern,4808,169,4473,104,62,1002,52
2021-04-25,Toronto,3766,286,3382,25,73,3747,122
2021-04-25,Western,6154,224,5674,177,79,2043,425
2021-04-26,Central,7371,553,6428,249,141,1495,127
2021-04-26,Eastern,7640,65,7417,113,45,1448,167
2021-04-26,Northern,4850,169,4514,105,62,1013,60
2021-04-26,Toronto,3781,286,3396,26,73,3752,124
2021-04-26,Western,6169,224,5679,187,79,2043,425
2021-04-27,Central,7385,553,6443,248,141,1501,125
2021-04-27,Eastern,7661,65,7433,118,45,1456,97
2021-04-27,Northern,4880,169,4538,110,63,1021,34
2021-04-27,Toronto,3762,286,3401,32,43,3892,118
2021-04-27,Western,6229,224,5745,181,79,2042,424
2021-04-28,Central,7393,556,6455,241,141,1505,126
2021-04-28,Eastern,7696,65,7463,121,47,1457,73
2021-04-28,Northern,4892,171,4539,119,63,1023,31
2021-04-28,Toronto,3817,287,3429,28,73,3896,163
2021-04-28,Western,6386,231,5713,364,78,2053,437
2021-04-29,Central,7457,556,6522,238,141,1525,98
2021-04-29,Eastern,7752,66,7496,143,47,1462,102
2021-04-29,Northern,4919,173,4597,86,63,1037,63
2021-04-29,Toronto,3823,287,3431,32,73,3905,133
2021-04-29,Western,6249,231,5769,168,81,2059,437
2021-05-02,Central,7869,560,6928,236,145,1558,201
2021-05-02,Eastern,7783,67,7567,102,47,1476,120
2021-05-02,Northern,4965,175,4643,82,65,1053,62
2021-05-02,Toronto,3878,293,3484,27,74,3913,98
2021-05-02,Western,6308,233,5820,174,81,2274,341
2021-05-03,Central,7900,565,6944,244,147,1578,206
2021-05-03,Eastern,7735,68,7502,118,47,1499,151
2021-05-03,Northern,5029,176,4670,115,68,1066,66
2021-05-03,Toronto,3898,296,3502,26,74,3912,116
2021-05-03,Western,6341,234,5857,169,81,2410,306
2021-05-04,Central,7900,565,6945,243,147,1582,205
2021-05-04,Eastern,7872,68,7648,109,47,1506,181
2021-05-04,Northern,5033,176,4671,119,67,1066,66
2021-05-04,Toronto,3949,296,3553,26,74,3944,127
2021-05-04,Western,6359,234,5881,163,81,2410,308
2021-05-05,Central,8247,565,7309,224,149,1623,162
2021-05-05,Eastern,8009,70,7779,113,47,1593,186
2021-05-05,Northern,5064,176,4714,106,68,1079,65
2021-05-05,Toronto,3979,297,3582,26,74,3947,113
2021-05-05,Western,6365,238,5881,165,81,2433,308
2021-05-06,Central,8291,566,7323,253,149,1629,189
2021-05-06,Eastern,8027,72,7797,111,47,1593,157
2021-05-06,Northern,5082,176,4737,106,63,1088,59
2021-05-06,Toronto,3999,298,3596,30,75,3930,61
2021-05-06,Western,6380,239,5897,163,81,2490,307
2021-05-09,Central,8442,567,7469,254,152,1644,130
2021-05-09,Eastern,7972,78,7751,96,47,1529,103
2021-05-09,Northern,5115,178,4754,118,65,1089,53
2021-05-09,Toronto,4011,300,3610,26,75,3932,79
2021-05-09,Western,6401,240,5916,164,81,2501,311
2021-05-10,Central,8451,567,7471,261,152,1660,134
2021-05-10,Eastern,8054,79,7830,98,47,1547,109
2021-05-10,Northern,5141,178,4762,136,65,1089,60
2021-05-10,Toronto,4072,301,3677,19,75,3935,63
2021-05-10,Western,6408,240,5916,171,81,2502,311
2021-05-10,Central,8535,567,7539,276,153,1674,149
2021-05-10,Eastern,8099,82,7864,106,47,1551,128
2021-05-10,Northern,5186,179,4812,129,66,1102,64
2021-05-10,Toronto,4079,301,3678,25,75,3936,58
2021-05-10,Western,6447,240,5935,191,81,2507,313
2021-05-11,Central,8540,569,7542,274,155,1680,144
2021-05-11,Eastern,8136,82,7906,99,49,1563,126
2021-05-11,Northern,5211,180,4850,112,69,1109,57
2021-05-11,Toronto,4083,303,3692,13,75,3939,47
2021-05-11,Western,6451,240,5938,192,81,2507,313
2021-05-12,Central,8550,569,7547,280,154,1675,158
2021-05-12,Eastern,8168,82,7946,91,49,1572,108
2021-05-12,Northern,5223,180,4862,114,67,1111,55
2021-05-12,Toronto,4119,303,3721,20,75,3944,60
2021-05-12,Western,6481,242,5981,176,82,2583,312
2021-05-16,Central,8672,573,7684,256,159,1697,123
2021-05-16,Eastern,8298,86,8062,101,49,1650,154
2021-05-16,Northern,5257,184,4876,130,67,1112,95
2021-05-16,Toronto,4119,304,3722,18,75,3949,49
2021-05-16,Western,6512,242,6032,156,82,2687,279
2021-05-17,Central,8705,573,7705,268,159,1721,98
2021-05-17,Eastern,8358,86,8133,90,49,1652,155
2021-05-17,Northern,5283,184,4929,103,67,1124,92
2021-05-17,Toronto,4182,305,3759,43,75,3962,81
2021-05-17,Western,6606,242,6047,235,82,2866,133
2021-05-18,Central,8708,573,7705,269,161,1721,104
2021-05-18,Eastern,8351,96,8073,133,49,1602,187
2021-05-18,Northern,4761,185,4427,95,54,1124,87
2021-05-18,Toronto,4182,306,3762,39,75,3964,81
2021-05-18,Western,6645,245,6079,239,82,2892,133
2021-05-19,Central,8713,574,7712,266,161,1723,99
2021-05-19,Eastern,8380,118,8101,112,49,1606,315
2021-05-19,Northern,5306,186,4973,92,55,1133,88
2021-05-19,Toronto,4189,306,3768,40,75,3971,75
2021-05-19,Western,6671,253,6086,250,82,2901,131
2021-05-20,Central,8717,574,7717,265,161,1723,99
2021-05-20,Eastern,8447,131,8174,93,49,1609,335
2021-05-20,Northern,5345,199,4998,92,56,1136,83
2021-05-20,Toronto,4223,308,3786,52,77,3994,109
2021-05-20,Western,6702,253,6187,182,80,2923,131
2021-05-24,Central,8929,581,7816,370,162,1744,43
2021-05-24,Eastern,8581,207,8230,95,49,1614,476
2021-05-24,Northern,5387,222,5019,88,58,1147,81
2021-05-24,Toronto,4262,315,3831,39,77,4021,121
2021-05-24,Western,6905,254,6357,212,82,3076,131
2021-05-25,Central,8965,582,7845,373,165,1775,43
2021-05-25,Eastern,8777,209,8422,95,51,1642,490
2021-05-25,Northern,5456,222,5092,84,58,1151,69
2021-05-25,Toronto,4266,315,3831,43,77,4032,122
2021-05-25,Western,7002,254,6454,212,82,3078,131
2021-05-26,Central,8961,583,7845,364,169,1781,45
2021-05-26,Eastern,8869,236,8490,92,51,1646,487
2021-05-26,Northern,5473,225,5116,72,60,1151,76
2021-05-26,Toronto,4284,316,3864,25,79,4030,140
2021-05-26,Western,7041,254,6511,194,82,3098,131
2021-05-27,Central,8981,585,7846,381,169,1791,43
2021-05-27,Eastern,8985,246,8609,80,50,1724,511
2021-05-27,Northern,5492,225,5134,73,60,1151,75
2021-05-27,Toronto,4297,316,3877,25,79,4042,137
2021-05-27,Western,7179,254,6659,184,82,3199,145
2021-05-30,Central,8986,588,7847,382,169,1791,44
2021-05-30,Eastern,9084,272,8705,55,52,1655,551
2021-05-30,Northern,5527,228,5181,58,60,1159,64
2021-05-30,Toronto,4325,322,3885,39,79,4044,135
2021-05-30,Western,7190,255,6683,170,82,3211,143
2021-05-31,Central,8997,588,7858,382,169,1794,45
2021-05-31,Eastern,9127,275,8726,74,52,1666,548
2021-05-31,Northern,5586,229,5230,67,60,1165,64
2021-05-31,Toronto,4332,328,3893,32,79,4044,147
2021-05-31,Western,7798,255,7278,183,82,3329,143
2021-06-01,Central,9239,588,8096,384,171,1827,46
2021-06-01,Eastern,9140,275,8732,81,52,1672,569
2021-06-01,Northern,5612,229,5241,83,59,1169,58
2021-06-01,Toronto,4361,328,3894,60,79,4049,149
2021-06-01,Western,7810,255,7281,192,82,3367,136
2021-06-02,Central,9311,589,8162,384,176,1845,47
2021-06-02,Eastern,9309,277,8914,65,53,1650,456
2021-06-02,Northern,5095,229,4731,76,59,1171,58
2021-06-02,Toronto,4402,329,3916,78,79,4053,137
2021-06-02,Western,7872,256,7347,187,82,3362,104
2021-06-03,Central,9313,589,8166,381,177,1844,48
2021-06-03,Eastern,9356,281,8953,69,53,1680,518
2021-06-03,Northern,5099,231,4740,69,59,1171,58
2021-06-03,Toronto,4436,322,3952,81,81,4073,149
2021-06-03,Western,7895,256,7365,192,82,3219,24
2021-06-08,Central,10706,1828,7265,1353,260,1700,51
2021-06-08,Eastern,9405,285,8996,71,53,1703,509
2021-06-08,Northern,5162,231,4804,69,58,1175,51
2021-06-08,Toronto,4503,337,4000,84,82,4108,104
2021-06-08,Western,7916,257,7373,204,82,3219,40
2021-06-09,Central,9520,591,8418,329,182,1893,45
2021-06-09,Eastern,9469,285,9085,45,54,1714,447
2021-06-09,Northern,5178,231,4813,76,58,1183,52
2021-06-09,Toronto,4505,337,4002,84,82,4109,101
2021-06-09,Western,7941,264,7391,204,82,3220,37
2021-06-10,Central,9625,593,8516,334,182,1912,36
2021-06-10,Eastern,9529,285,9145,45,54,1718,431
2021-06-10,Northern,5209,233,4845,73,58,1184,46
2021-06-10,Toronto,4522,337,4003,100,82,4117,100
2021-06-10,Western,7940,266,7404,188,82,3221,35
2021-06-13,Central,9646,594,8556,315,181,1920,30
2021-06-13,Eastern,9705,287,9333,31,54,1739,354
2021-06-13,Northern,5262,240,4910,54,58,1194,43
2021-06-13,Toronto,4612,358,4108,63,83,4123,77
2021-06-13,Western,8011,267,7438,224,82,3229,36
2021-06-14,Central,9785,597,8685,321,182,1955,66
2021-06-14,Eastern,9775,287,9389,45,54,1740,358
2021-06-14,Northern,5290,240,4922,70,58,1199,59
2021-06-14,Toronto,4685,358,4170,74,83,4152,33
2021-06-14,Western,8231,268,7641,240,82,3450,30
2021-06-15,Central,9785,597,8685,321,182,1955,66
2021-06-15,Eastern,9775,287,9389,45,54,1740,358
2021-06-15,Northern,5290,240,4922,70,58,1199,59
2021-06-15,Toronto,4685,358,4170,74,83,4152,33
2021-06-15,Western,8231,268,7641,240,82,3450,30
2021-06-16,Central,9815,597,8711,324,183,1969,48
2021-06-16,Eastern,9847,287,9471,35,54,1761,311
2021-06-16,Northern,5402,249,4935,160,58,1212,64
2021-06-16,Toronto,4738,358,4255,42,83,4160,74
2021-06-16,Western,8311,269,7705,249,88,3453,59
2021-06-17,Central,9846,598,8742,323,183,1983,48
2021-06-17,Eastern,9853,287,9476,36,54,1767,312
2021-06-17,Northern,5425,255,5043,69,58,1213,73
2021-06-17,Toronto,4738,358,4255,42,83,4160,74
2021-06-17,Western,8334,269,7760,217,88,3460,59
2021-06-20,Central,9986,601,9050,148,187,1994,129
2021-06-20,Eastern,9990,291,9604,41,54,1773,134
2021-06-20,Northern,5512,256,5142,56,58,1220,64
2021-06-20,Toronto,4829,368,4343,35,83,4174,95
2021-06-20,Western,8341,271,7766,216,88,3461,68
2021-06-21,Central,10064,602,9127,147,188,2025,111
2021-06-21,Eastern,10004,293,9624,33,54,1776,153
2021-06-21,Northern,5596,256,5205,77,58,1225,60
2021-06-21,Toronto,4832,371,4343,35,83,4174,95
2021-06-21,Western,8395,271,7812,224,88,3475,89
2021-06-22,Central,10065,604,9127,146,188,2028,112
2021-06-22,Eastern,10026,293,9632,47,54,1779,112
2021-06-22,Northern,5595,256,5210,71,58,1227,64
2021-06-22,Toronto,4832,371,4343,35,83,4174,95
2021-06-22,Western,8456,271,7877,220,88,3478,87
2021-06-23,Central,10087,605,9147,147,188,2041,128
2021-06-23,Eastern,10065,293,9677,41,54,1805,133
2021-06-23,Northern,5660,269,5256,77,58,1235,65
2021-06-23,Toronto,4875,373,4364,55,83,4192,191
2021-06-23,Western,8479,272,7903,215,89,3479,93
2021-06-24,Central,10174,606,9221,158,189,2063,154
2021-06-24,Eastern,10074,293,9681,46,54,1810,136
2021-06-24,Northern,5672,269,5283,62,58,1237,38
2021-06-24,Toronto,4965,375,4449,58,83,4198,206
2021-06-24,Western,8485,272,7903,221,89,3479,94
2021-06-27,Central,10277,608,9301,179,189,2077,103
2021-06-27,Eastern,10082,293,9694,37,58,1820,127
2021-06-27,Northern,5696,271,5297,70,58,1236,36
2021-06-27,Toronto,5048,376,4524,64,84,4213,131
2021-06-27,Western,8497,273,7906,229,89,3481,63
2021-06-28,Central,10418,611,9432,184,191,2103,112
2021-06-28,Eastern,10127,295,9726,48,58,1835,35
2021-06-28,Northern,5724,271,5319,76,58,1237,36
2021-06-28,Toronto,5051,377,4529,61,84,4224,131
2021-06-28,Western,8507,273,7914,231,89,3480,67
2021-06-29,Central,10428,611,9446,180,191,2108,127
2021-06-29,Eastern,10151,296,9765,36,54,1840,50
2021-06-29,Northern,5767,271,5348,90,58,1241,28
2021-06-29,Toronto,5105,377,4539,105,84,4237,176
2021-06-29,Western,8524,272,7917,242,93,3480,79
2021-07-01,Central,10502,612,9523,173,194,2124,172
2021-07-01,Eastern,10207,299,9833,20,55,1869,76
2021-07-01,Northern,5780,271,5371,80,58,1242,22
2021-07-01,Toronto,5125,377,4555,112,81,4248,133
2021-07-01,Western,8681,276,8066,244,95,3654,64
2021-07-04,Central,10538,614,9577,153,194,2138,146
2021-07-04,Eastern,10298,299,9894,50,55,1908,40
2021-07-04,Northern,5813,271,5419,65,58,1244,29
2021-07-04,Toronto,5176,377,4649,68,82,4250,106
2021-07-04,Western,8756,277,8138,246,95,3690,60
2021-07-05,Central,10560,615,9592,159,194,2138,95
2021-07-05,Eastern,10325,300,9936,34,55,1918,71
2021-07-05,Northern,5847,272,5448,68,59,1247,34
2021-07-05,Toronto,5199,377,4694,42,86,4270,155
2021-07-05,Western,8803,277,8183,247,96,3701,63
2021-07-06,Central,10654,615,9707,139,193,2176,96
2021-07-06,Eastern,10427,301,10032,32,62,1931,52
2021-07-06,Northern,5873,272,5473,69,59,1252,35
2021-07-06,Toronto,5232,377,4734,32,89,4270,83
2021-07-06,Western,8869,277,8248,248,96,3719,67
2021-07-07,Central,10709,616,9754,143,196,2181,77
2021-07-07,Eastern,10440,301,10035,42,62,1935,54
2021-07-07,Northern,5892,272,5494,67,59,1254,34
2021-07-07,Toronto,5261,377,4745,47,92,4274,45
2021-07-07,Western,8894,279,8267,252,96,3720,90
2021-07-08,Central,10709,616,9754,143,196,2181,71
2021-07-08,Eastern,10467,301,10039,65,62,1943,51
2021-07-08,Northern,5917,272,5506,80,59,1257,33
2021-07-08,Toronto,5268,377,4766,33,92,4277,63
2021-07-08,Western,8916,279,8282,259,96,3720,127
2021-07-11,Central,10849,617,9901,125,206,2202,72
2021-07-11,Eastern,10516,306,10086,61,63,1955,80
2021-07-11,Northern,5938,272,5533,74,59,1258,33
2021-07-11,Toronto,5304,379,4795,38,92,4297,71
2021-07-11,Western,8955,280,8311,268,96,3726,69
2021-07-12,Central,10910,621,9939,144,206,2226,68
2021-07-12,Eastern,10535,306,10119,47,63,1958,82
2021-07-12,Northern,5994,272,5568,96,58,1262,39
2021-07-12,Toronto,5310,379,4799,40,92,4305,71
2021-07-12,Western,8994,280,8362,256,96,3737,69
2021-07-13,Central,10936,621,9977,132,206,2235,65
2021-07-13,Eastern,10570,306,10155,44,65,1973,68
2021-07-13,Northern,6024,272,5592,102,58,1265,36
2021-07-13,Toronto,5325,379,4812,42,92,4312,23
2021-07-13,Western,9010,280,8378,256,96,3737,29
2021-07-14,Central,10950,622,10009,112,207,2250,63
2021-07-14,Eastern,10700,310,10287,38,65,1981,92
2021-07-14,Northern,6057,272,5634,93,58,1267,26
2021-07-14,Toronto,5324,379,4829,45,92,4316,11
2021-07-14,Western,9018,280,8391,251,96,3738,26
2021-07-15,Central,11012,622,10084,101,202,2261,69
2021-07-15,Eastern,10742,310,10330,37,65,1985,64
2021-07-15,Northern,6076,272,5658,88,58,1269,17
2021-07-15,Toronto,5347,379,4841,35,92,4322,9
2021-07-15,Western,9059,280,8442,237,100,3761,27
2021-07-18,Central,11055,622,10123,102,204,2273,40
2021-07-18,Eastern,10744,310,10330,39,65,1992,67
2021-07-18,Northern,6126,272,5693,101,60,1276,18
2021-07-18,Toronto,5366,380,4854,40,92,4346,8
2021-07-18,Western,9090,281,8479,229,100,3771,27
2021-07-19,Central,11031,622,10106,99,204,2287,40
2021-07-19,Eastern,10786,311,10366,44,65,2021,76
2021-07-19,Northern,6136,272,5697,107,60,1278,18
2021-07-19,Toronto,5383,380,4886,25,92,4366,27
2021-07-19,Western,9124,282,8498,244,100,3775,26
2021-07-20,Central,11059,622,10127,99,204,2294,40
2021-07-20,Eastern,10809,311,10395,38,65,2022,75
2021-07-20,Northern,6158,272,5722,104,60,1280,15
2021-07-20,Toronto,5383,380,4886,25,92,4366,27
2021-07-20,Western,9178,282,8526,269,100,3780,28
2021-07-21,Central,11325,624,10362,125,204,2317,17
2021-07-21,Eastern,10810,312,10395,38,65,2022,75
2021-07-21,Northern,6165,272,5732,101,60,1281,15
2021-07-21,Toronto,5387,380,4893,21,93,4377,27
2021-07-21,Western,9208,282,8574,251,100,3785,23
2021-07-22,Central,11330,624,10376,126,204,2321,14
2021-07-22,Eastern,10868,310,10431,62,65,1965,65
2021-07-22,Northern,6188,229,5844,54,60,1285,14
2021-07-22,Toronto,5447,380,4952,21,94,4382,15
2021-07-22,Western,9233,283,8602,247,100,3795,9
2021-07-25,Central,11419,625,10427,141,215,2331,62
2021-07-25,Eastern,11012,311,10579,55,67,1972,23
2021-07-25,Northern,6318,273,5940,45,60,1270,15
2021-07-25,Toronto,5453,380,4963,16,94,4388,2
2021-07-25,Western,9278,284,8633,260,100,3810,21
2021-07-26,Central,11470,625,10484,146,215,2356,59
2021-07-26,Eastern,11065,312,10623,62,68,2059,25
2021-07-26,Northern,6378,273,5977,68,60,1278,15
2021-07-26,Toronto,5532,380,5038,16,98,4403,46
2021-07-26,Western,9320,284,8677,259,100,3821,23
2021-07-27,Central,11637,625,10647,147,218,2370,25
2021-07-27,Eastern,11083,312,10648,55,68,2061,24
2021-07-27,Northern,6393,275,5983,73,62,1277,16
2021-07-27,Toronto,5536,380,5041,17,98,4414,47
2021-07-27,Western,9327,285,8683,259,100,3821,22
2021-07-28,Central,11641,625,10649,149,218,2372,22
2021-07-28,Eastern,11170,314,10731,56,69,2069,20
2021-07-28,Northern,6471,304,6032,66,69,1277,19
2021-07-28,Toronto,5536,380,5043,15,98,4422,46
2021-07-28,Western,8900,288,8264,255,93,3315,18
2021-07-29,Central,11662,625,10669,150,218,2385,20
2021-07-29,Eastern,11179,315,10736,59,69,2073,22
2021-07-29,Northern,6494,273,6097,64,60,1283,15
2021-07-29,Toronto,5603,380,5099,26,98,4432,2
2021-07-29,Western,8848,288,8263,204,93,3907,16
2021-08-02,Central,11766,638,10740,165,223,2396,21
2021-08-02,Eastern,11286,317,10866,32,71,2077,47
2021-08-02,Northern,6531,273,6123,74,61,1284,16
2021-08-02,Toronto,5657,381,5146,32,98,4433,36
2021-08-02,Western,8973,288,8400,190,95,3988,78
2021-08-03,Central,11837,639,10810,163,225,2441,36
2021-08-03,Eastern,11401,317,10976,37,71,2094,74
2021-08-03,Northern,6562,274,6151,76,61,1285,19
2021-08-03,Toronto,5744,381,5242,23,98,4456,46
2021-08-03,Western,8888,289,8467,36,96,4014,15
2021-08-04,Central,11856,638,10830,163,225,2448,34
2021-08-04,Eastern,11440,317,11010,42,71,2098,42
2021-08-04,Northern,6569,274,6182,52,61,1288,20
2021-08-04,Toronto,5744,381,5242,23,98,4456,46
2021-08-04,Western,8928,289,8509,34,96,4024,10
2021-08-05,Central,11856,638,10830,163,225,2448,34
2021-08-05,Eastern,11440,317,11010,42,71,2098,42
2021-08-05,Northern,6569,274,6182,52,61,1288,20
2021-08-05,Toronto,5744,381,5242,23,98,4456,46
2021-08-05,Western,8928,289,8509,34,96,4024,10
2021-08-08,Central,11996,639,10971,158,228,2461,46
2021-08-08,Eastern,11516,317,11090,38,71,2110,18
2021-08-08,Northern,6633,275,6244,53,61,1290,19
2021-08-08,Toronto,5807,381,5307,21,98,4474,0
2021-08-08,Western,8988,291,8562,39,96,4056,9
2021-08-09,Central,12150,641,11129,148,232,2473,66
2021-08-09,Eastern,11549,317,11126,35,71,2110,46
2021-08-09,Northern,6683,275,6279,68,61,1300,33
2021-08-09,Toronto,5882,381,5359,44,98,4492,25
2021-08-09,Western,9025,291,8599,39,96,4077,11
2021-08-10,Central,12185,641,11161,151,232,2474,68
2021-08-10,Eastern,11622,317,11176,58,71,2114,66
2021-08-10,Northern,6734,275,6334,64,61,1302,15
2021-08-10,Toronto,5882,381,5359,44,98,4492,25
2021-08-10,Western,9085,292,8655,42,96,4078,12
2021-08-11,Central,12291,642,11264,153,232,2497,58
2021-08-11,Eastern,11740,317,11308,43,72,2196,38
2021-08-11,Northern,6787,275,6365,86,61,1304,15
2021-08-11,Toronto,5868,381,5346,43,98,4496,48
2021-08-11,Western,9088,292,8664,36,96,4082,12
2021-08-12,Central,12329,642,11300,155,232,2501,38
2021-08-12,Eastern,11744,317,11312,43,72,2199,16
2021-08-12,Northern,6841,275,6402,104,60,1305,16
2021-08-12,Toronto,5872,381,5347,46,98,4498,57
2021-08-12,Western,9102,292,8680,34,96,4087,43
2021-08-15,Central,12370,642,11342,154,232,2516,38
2021-08-15,Eastern,11701,318,11274,37,72,2132,18
2021-08-15,Northern,6912,275,6456,121,60,1307,14
2021-08-15,Toronto,5907,381,5379,48,99,4511,6
2021-08-15,Western,9112,292,8692,32,96,4108,44
2021-08-16,Central,12519,642,11491,151,235,2550,76
2021-08-16,Eastern,11808,318,11364,54,72,2141,53
2021-08-16,Northern,6955,275,6484,136,60,1310,15
2021-08-16,Toronto,5985,381,5483,19,102,4520,5
2021-08-16,Western,9134,292,8711,35,96,4117,44
2021-08-17,Central,12533,642,11506,150,235,2550,76
2021-08-17,Eastern,11831,318,11406,35,72,2145,34
2021-08-17,Northern,6971,275,6524,112,60,1312,17
2021-08-17,Toronto,5994,381,5491,20,102,4526,5
2021-08-17,Western,9202,293,8771,42,96,4131,45
2021-08-18,Central,12630,642,11603,150,235,2565,73
2021-08-18,Eastern,11857,318,11432,33,74,2144,21
2021-08-18,Northern,7045,275,6591,119,60,1314,18
2021-08-18,Toronto,5995,381,5495,17,102,4531,5
2021-08-18,Western,9246,297,8818,35,96,4140,15
2021-08-19,Central,12654,643,11624,151,236,2578,57
2021-08-19,Eastern,11861,318,11436,33,74,2146,21
2021-08-19,Northern,7044,275,6584,125,60,1316,20
2021-08-19,Toronto,6028,382,5515,29,102,4537,35
2021-08-19,Western,9278,297,8858,27,96,4147,11
2021-08-22,Central,12702,643,11667,156,236,2596,72
2021-08-22,Eastern,12018,320,11588,36,74,2221,26
2021-08-22,Northern,7104,275,6623,145,61,1319,21
2021-08-22,Toronto,6044,382,5527,33,102,4546,28
2021-08-22,Western,9292,297,8873,26,96,4158,9
2021-08-23,Central,12774,644,11735,159,236,2616,34
2021-08-23,Eastern,11938,320,11511,33,74,2164,44
2021-08-23,Northern,7157,275,6655,166,61,1320,21
2021-08-23,Toronto,6051,383,5534,32,102,4555,93
2021-08-23,Western,9299,297,8880,26,96,4159,54
2021-08-24,Central,12882,644,11848,154,236,2630,38
2021-08-24,Eastern,12016,320,11570,52,74,2169,57
2021-08-24,Northern,7203,275,6718,149,61,1259,31
2021-08-24,Toronto,6120,383,5603,30,104,4561,45
2021-08-24,Western,9359,297,8931,35,96,4179,31
2021-08-25,Central,12933,644,11900,150,239,2646,24
2021-08-25,Eastern,12045,320,11603,48,74,2174,52
2021-08-25,Northern,7211,275,6757,118,61,1324,27
2021-08-25,Toronto,6122,383,5606,29,104,4562,2
2021-08-25,Western,9359,299,8931,33,96,4179,31
